referencia,ano,mes,ano_mes,ipca_variacao,ipca_acumulado_ano,ipca_acumulado_doze_meses,ipca15_variacao,ipca15_acumulado_ano,ipca15_acumulado_doze_meses,inpc_variacao,inpc_acumulado_ano,inpc_acumulado_doze_meses,ipa_variacao,ipa_acumulado_ano,ipc_fipe_variacao,ipc_fipe_acumulado_ano,incc_variacao,incc_acumulado_ano,incc_m_variacao,incc_m_acumulado_ano,selic_meta,selic_ano,juros_reais,salario_minimo,consolidado_ano
1980-01,1980,01,198001,6.62,6.62,0,0,0,0,6.56,6.56,0,7.31,7.31,4.48,4.48,4.7,4.7,0,0,0,0,0,2932.8,false
1980-02,1980,02,198002,4.62,11.54,0,0,0,0,4.15,10.98,0,3.69,11,3.35,7.83,9.53,14.23,0,0,0,0,0,2932.8,false
1980-03,1980,03,198003,6.04,18.27,0,0,0,0,5.12,16.67,75.11,6.32,17.32,4.34,12.17,12.8,27.03,0,0,0,0,0,2932.8,false
1980-04,1980,04,198004,5.29,24.53,0,0,0,0,4.85,22.33,77.48,6.69,24.01,3.93,16.1,3.13,30.16,0,0,0,0,0,2932.8,false
1980-05,1980,05,198005,5.7,31.63,0,0,0,0,5.53,29.1,84.06,7.32,31.33,6.52,22.62,4.86,35.02,0,0,0,0,0,4149.6,false
1980-06,1980,06,198006,5.31,38.61,0,0,0,0,5.52,36.23,88.57,6.17,37.5,5.02,27.64,5.73,40.75,0,0,0,0,0,4149.6,false
1980-07,1980,07,198007,5.55,46.3,0,0,0,0,5.51,43.74,88.85,9.79,47.29,5.24,32.88,6.33,47.08,0,0,0,0,0,4149.6,false
1980-08,1980,08,198008,4.95,53.53,0,0,0,0,5.15,51.14,87.71,6.69,53.98,5.46,38.34,10.28,57.36,0,0,0,0,0,4149.6,false
1980-09,1980,09,198009,4.23,60.03,0,0,0,0,4.45,57.87,83.91,5.48,59.46,6.15,44.49,8.02,65.38,0,0,0,0,0,4149.6,false
1980-10,1980,10,198010,9.48,75.2,0,0,0,0,9.65,73.09,91.93,9.16,68.62,6.78,51.27,3.1,68.48,0,0,0,0,0,4149.6,false
1980-11,1980,11,198011,6.67,86.89,0,0,0,0,8.03,86.98,95.41,8.62,77.24,6.82,58.09,5.06,73.54,0,0,0,0,0,5788.8,false
1980-12,1980,12,198012,6.61,99.25,99.25,0,0,0,6.8,99.7,99.7,5.01,82.25,4.97,63.06,4.98,78.52,0,0,0,0,0,5788.8,true
1981-01,1981,01,198101,6.84,6.84,99.67,0,0,0,6.21,6.21,99.04,6.16,6.16,4.92,4.92,4.48,4.48,0,0,0,0,0,5788.8,false
1981-02,1981,02,198102,6.4,13.68,103.07,0,0,0,6.05,12.64,102.68,8.24,14.4,8.41,13.33,14.89,19.37,0,0,0,0,0,5788.8,false
1981-03,1981,03,198103,4.97,19.33,101.03,0,0,0,5.35,18.67,103.13,7.79,22.19,5.28,18.61,8.06,27.43,0,0,0,0,0,5788.8,false
1981-04,1981,04,198104,6.46,27.04,103.27,0,0,0,6.54,26.43,106.4,5.46,27.65,5.4,24.01,3.39,30.82,0,0,0,0,0,5788.8,false
1981-05,1981,05,198105,5.56,34.1,103,0,0,0,5.51,33.4,106.36,6.85,34.5,6.3,30.31,3.5,34.32,0,0,0,0,0,8464.8,false
1981-06,1981,06,198106,5.52,41.5,103.41,0,0,0,5.07,40.16,105.48,4.56,39.06,4.21,34.52,2.35,36.67,0,0,0,0,0,8464.8,false
1981-07,1981,07,198107,6.26,50.35,104.78,0,0,0,6.2,48.86,106.82,4.5,43.56,5.09,39.61,1.96,38.63,0,0,0,0,0,8464.8,false
1981-08,1981,08,198108,5.5,58.62,105.85,0,0,0,6.12,57.97,108.74,5.48,49.04,8.57,48.18,12.39,51.02,0,0,0,0,0,8464.8,false
1981-09,1981,09,198109,5.26,66.95,107.88,0,0,0,5.28,66.31,110.38,5.07,54.11,4.34,52.52,5.54,56.56,0,0,0,0,0,8464.8,false
1981-10,1981,10,198110,5.08,75.43,99.52,0,0,0,4.62,73.99,100.74,5.06,59.17,4.65,57.17,1.72,58.28,0,0,0,0,0,8464.8,false
1981-11,1981,11,198111,5.27,84.68,96.89,0,0,0,5.23,83.1,95.55,5.82,64.99,4.92,62.09,3.28,61.56,0,0,0,0,0,11928,false
1981-12,1981,12,198112,5.93,95.62,95.62,0,0,0,5.69,93.51,93.51,3.49,68.48,4.44,66.53,3.11,64.67,0,0,0,0,0,11928,true
1982-01,1982,01,198201,6.97,6.97,95.86,0,0,0,6.71,6.71,94.43,6.24,6.24,3.94,3.94,3.8,3.8,0,0,0,0,0,11928,false
1982-02,1982,02,198202,6.64,14.06,96.29,0,0,0,6.58,13.73,95.39,6.45,12.69,5.9,9.84,10.87,14.67,0,0,0,0,0,11928,false
1982-03,1982,03,198203,5.71,20.58,97.68,0,0,0,5.24,19.69,95.17,7.14,19.83,5.81,15.65,12.55,27.22,0,0,0,0,0,11928,false
1982-04,1982,04,198204,5.89,27.68,96.61,0,0,0,5.65,26.45,93.54,5.57,25.4,5.34,20.99,4.28,31.5,0,0,0,0,0,11928,false
1982-05,1982,05,198205,6.66,36.18,98.65,0,0,0,6.66,34.88,95.65,5.52,30.92,6.02,27.01,5.25,36.75,0,0,0,0,0,16608,false
1982-06,1982,06,198206,7.1,45.86,101.64,0,0,0,7.14,44.51,99.51,9.24,40.16,8.37,35.38,3.67,40.42,0,0,0,0,0,16608,false
1982-07,1982,07,198207,6.36,55.13,101.84,0,0,0,6.39,53.75,99.87,5.62,45.78,6.71,42.09,5.5,45.92,0,0,0,0,0,16608,false
1982-08,1982,08,198208,5.97,64.39,102.75,0,0,0,5.57,62.31,98.82,4.6,50.38,6.3,48.39,16.94,62.86,0,0,0,0,0,16608,false
1982-09,1982,09,198209,5.08,72.75,102.41,0,0,0,4.3,69.29,96.98,3.39,53.77,3.62,52.01,4.02,66.88,0,0,0,0,0,16608,false
1982-10,1982,10,198210,4.44,80.42,101.19,0,0,0,3.91,75.9,95.63,5.22,58.99,3.65,55.66,3.24,70.12,0,0,0,0,0,16608,false
1982-11,1982,11,198211,5.29,89.96,101.22,0,0,0,5.26,85.16,95.69,5.25,64.24,5.37,61.03,4.06,74.18,0,0,0,0,0,23568,false
1982-12,1982,12,198212,7.81,104.79,104.79,0,0,0,8.19,100.31,100.31,6.03,70.27,7.56,68.59,2.37,76.55,0,0,0,0,0,23568,true
1983-01,1983,01,198301,8.64,8.64,108,0,0,0,9.14,9.14,104.87,9.77,9.77,7.19,7.19,3.86,3.86,0,0,0,0,0,23568,false
1983-02,1983,02,198302,7.86,17.18,110.38,0,0,0,8.04,17.92,107.69,5.61,15.38,8.09,15.28,12.65,16.51,0,0,0,0,0,23568,false
1983-03,1983,03,198303,7.34,25.78,113.63,0,0,0,7.22,26.43,111.6,10.75,26.13,9.88,25.16,8.29,24.8,0,0,0,0,0,23568,false
1983-04,1983,04,198304,6.58,34.06,115.03,0,0,0,6.57,34.74,113.44,10.31,36.44,6.4,31.56,4.07,28.87,0,0,0,0,0,23568,false
1983-05,1983,05,198305,6.48,42.75,114.67,0,0,0,6.71,43.78,113.53,6.61,43.05,4.97,36.53,7.16,36.03,0,0,0,0,0,34776,false
1983-06,1983,06,198306,9.88,56.86,120.24,0,0,0,10.83,59.35,120.88,13.7,56.75,11.77,48.3,5.05,41.08,0,0,0,0,0,34776,false
1983-07,1983,07,198307,10.08,72.66,127.94,0,0,0,11.43,77.56,131.34,14.46,71.21,12.56,60.86,6.65,47.73,0,0,0,0,0,34776,false
1983-08,1983,08,198308,9.11,88.4,134.69,0,0,0,9.85,95.05,140.72,10.11,81.32,7.33,68.19,16.87,64.6,0,0,0,0,0,34776,false
1983-09,1983,09,198309,10.3,107.8,146.35,0,0,0,11.27,117.03,156.8,14.41,95.73,11.43,79.62,8.91,73.51,0,0,0,0,0,34776,false
1983-10,1983,10,198310,8.87,126.23,156.78,0,0,0,10.1,138.95,172.1,15.58,111.31,9.58,89.2,5.06,78.57,0,0,0,0,0,34776,false
1983-11,1983,11,198311,7.38,142.93,161.9,0,0,0,7.37,156.56,177.56,8.68,119.99,4.41,93.61,12.05,90.62,0,0,0,0,0,57120,false
1983-12,1983,12,198312,8.68,164.01,164.01,0,0,0,8.34,177.97,177.97,7.42,127.41,7.89,101.5,4.94,95.56,0,0,0,0,0,57120,true
1984-01,1984,01,198401,9.67,9.67,166.51,0,0,0,9.39,9.39,178.6,10.19,10.19,8.98,8.98,5.94,5.94,0,0,0,0,0,57120,false
1984-02,1984,02,198402,9.5,20.09,170.57,0,0,0,9.74,20.04,182.97,11.93,22.12,10.16,19.14,21.67,27.61,0,0,0,0,0,57120,false
1984-03,1984,03,198403,8.94,30.82,174.59,0,0,0,9.83,31.85,189.87,10.11,32.23,8.91,28.05,9.36,36.97,0,0,0,0,0,57120,false
1984-04,1984,04,198404,9.54,43.31,182.22,0,0,0,9.52,44.4,197.92,9.6,41.83,7.93,35.98,4.36,41.33,0,0,0,0,0,57120,false
1984-05,1984,05,198405,9.05,56.28,189.03,0,0,0,8.71,56.98,203.5,8.82,50.65,6.69,42.67,7.99,49.32,0,0,0,0,0,97176,false
1984-06,1984,06,198406,10.08,72.03,189.55,0,0,0,9.96,72.62,201.11,9.08,59.73,11.69,54.36,8.93,58.25,0,0,0,0,0,97176,false
1984-07,1984,07,198407,9.72,88.76,188.62,0,0,0,9.11,88.34,194.84,10.74,70.47,7.92,62.28,5.26,63.51,0,0,0,0,0,97176,false
1984-08,1984,08,198408,9.35,106.41,189.25,0,0,0,8.57,104.48,191.41,9.2,79.67,8.06,70.34,27.61,91.12,0,0,0,0,0,97176,false
1984-09,1984,09,198409,11.75,130.65,193.05,0,0,0,11.1,127.18,190.97,11.17,90.84,9.2,79.54,5.6,96.72,0,0,0,0,0,97176,false
1984-10,1984,10,198410,10.44,154.73,197.27,0,0,0,10.49,151.01,192.01,13.68,104.52,9.48,89.02,8.64,105.36,0,0,0,0,0,97176,false
1984-11,1984,11,198411,10.53,181.54,205.97,0,0,0,10.33,176.93,200.04,10.36,114.88,9.6,98.62,8.64,114,0,0,0,0,0,166560,false
1984-12,1984,12,198412,11.98,215.26,215.26,0,0,0,11.62,209.12,209.12,10.83,125.71,8.41,107.03,8.16,122.16,0,0,0,0,0,166560,true
1985-01,1985,01,198501,11.76,11.76,221.27,0,0,0,11.84,11.84,216.03,12.94,12.94,11.18,11.18,7.53,7.53,0,0,0,0,0,166560,false
1985-02,1985,02,198502,10.87,23.9,225.28,0,0,0,10.95,24.08,219.52,9.22,22.16,9.69,20.87,13.05,20.58,0,0,0,0,0,166560,false
1985-03,1985,03,198503,10.16,36.49,228.93,0,0,0,9.94,36.42,219.84,13.58,35.74,10.79,31.66,11.59,32.17,0,0,0,0,0,166560,false
1985-04,1985,04,198504,8.2,47.68,224.88,0,0,0,8.58,48.13,217.1,7.24,42.98,8.33,39.99,8.8,40.97,0,0,0,0,0,166560,false
1985-05,1985,05,198505,7.2,58.31,219.36,0,0,0,7.2,58.8,212.71,6.47,49.45,8.91,48.9,22.42,63.39,0,0,0,0,0,333120,false
1985-06,1985,06,198506,8.49,71.75,214.76,0,0,0,8.33,72.04,208.08,7.08,56.53,8.16,57.06,6.37,69.76,0,0,0,0,0,333120,false
1985-07,1985,07,198507,10.31,89.47,216.44,0,0,0,10.08,89.37,210.81,7.61,64.14,11.4,68.46,9.8,79.56,0,0,0,0,0,333120,false
1985-08,1985,08,198508,12.05,112.3,224.26,0,0,0,11.61,111.36,219.52,14.51,78.65,11.71,80.17,13.13,92.69,0,0,0,0,0,333120,false
1985-09,1985,09,198509,11.12,135.9,222.43,0,0,0,10.09,132.68,216.61,9.06,87.71,7.62,87.79,9.62,102.31,0,0,0,0,0,333120,false
1985-10,1985,10,198510,10.62,160.94,222.95,0,0,0,10.25,156.53,215.91,9.54,97.25,12.09,99.88,6.75,109.06,0,0,0,0,0,333120,false
1985-11,1985,11,198511,13.97,197.4,233.02,0,0,0,14.18,192.92,226.96,15.07,112.32,12.76,112.64,20.98,130.04,0,0,0,0,0,600000,false
1985-12,1985,12,198512,15.07,242.23,242.23,0,0,0,15.75,239.05,239.05,12.27,124.59,12.46,125.1,13.51,143.55,0,0,0,0,0,600000,true
1986-01,1986,01,198601,14.37,14.37,250.23,0,0,0,15.01,15.01,248.67,18.98,18.98,14.05,14.05,13.96,13.96,0,0,0,0,0,600000,false
1986-02,1986,02,198602,12.72,28.92,256.08,0,0,0,12.46,29.35,253.46,16.11,35.09,10.86,24.91,12.09,26.05,0,0,0,0,0,600000,false
1986-03,1986,03,198603,4.77,35.07,238.65,0,0,0,3.18,33.46,231.69,4.16,39.25,1.83,26.74,11.05,37.1,0,0,0,0,0,804,false
1986-04,1986,04,198604,0.78,36.12,215.44,0,0,0,0.43,34.03,206.78,-1.47,37.78,2.31,29.05,-0.33,36.77,0,0,0,0,0,804,false
1986-05,1986,05,198605,1.4,38.02,198.38,0,0,0,1.08,35.47,189.24,0.09,37.87,1.92,30.97,0.23,37,0,0,0,0,0,804,false
1986-06,1986,06,198606,1.27,39.78,178.52,0,0,0,0.97,36.78,169.57,0.37,38.24,0.96,31.93,1.19,38.19,0,0,0,18.23,-57.55,804,false
1986-07,1986,07,198607,1.71,42.17,156.8,0,0,0,0.91,38.02,147.11,0.58,38.82,1.07,33,1.08,39.27,0,0,0,23.51,-51.9,804,false
1986-08,1986,08,198608,3.55,47.22,137.33,0,0,0,1.43,40,124.57,1.34,40.16,1.88,34.88,2.69,41.96,0,0,0,35.55,-42.89,804,false
1986-09,1986,09,198609,1.72,49.75,117.25,0,0,0,1.19,41.66,106.43,0.67,40.83,1.43,36.31,3.97,45.93,0,0,0,39.39,-35.84,804,false
1986-10,1986,10,198610,1.9,52.6,100.13,0,0,0,1.43,43.69,89.91,1.16,41.99,3.08,39.39,3.76,49.69,0,0,0,23.65,-38.22,804,false
1986-11,1986,11,198611,5.45,60.92,85.17,0,0,0,3.29,48.42,71.79,2.13,44.12,4.43,43.82,5.16,54.85,0,0,0,34.32,-27.46,804,false
1986-12,1986,12,198612,11.65,79.66,79.66,0,0,0,7.27,59.2,59.2,7.65,51.77,10.3,54.12,7.34,62.19,0,0,0,83.98,2.4,804,true
1987-01,1987,01,198701,13.21,13.21,77.84,0,0,0,16.82,16.82,61.7,10.5,10.5,13.75,13.75,14,14,0,0,0,250.03,96.82,964.8,false
1987-02,1987,02,198702,12.64,27.51,77.71,0,0,0,13.94,33.1,63.82,10.35,20.85,11.28,25.03,32.45,46.45,0,0,0,854.45,437.08,964.8,false
1987-03,1987,03,198703,16.37,48.39,97.39,0,0,0,14.4,52.27,81.64,14.05,34.9,11.97,37,22.59,69.04,0,0,0,314.71,110.1,1368,false
1987-04,1987,04,198704,19.1,76.73,133.27,0,0,0,20.96,84.18,118.77,20.98,55.88,16.55,53.55,13.26,82.3,0,0,0,560.69,183.23,1368,false
1987-05,1987,05,198705,21.45,114.64,179.4,0,0,0,23.14,126.8,166.53,30.72,86.6,26.49,80.04,20.09,102.39,0,0,0,1502.24,473.46,1641.6,false
1987-06,1987,06,198706,19.71,156.95,230.27,0,0,0,21.3,175.11,220.21,26.26,112.86,26.76,106.8,20.93,123.32,0,0,0,630.28,121.12,1969.92,false
1987-07,1987,07,198707,9.21,180.62,254.63,0,0,0,9.93,202.43,248.84,9.89,122.75,9.24,116.04,7.72,131.04,0,0,0,154.67,-28.19,1969.96,false
1987-08,1987,08,198708,4.87,194.29,259.14,0,0,0,5.09,217.82,261.42,3.72,126.47,4.45,120.49,3.31,134.35,0,0,0,154.24,-29.21,1970,false
1987-09,1987,09,198709,7.78,217.19,280.55,0,0,0,7.15,240.55,282.7,7.55,134.02,6.73,127.22,7.46,141.81,0,0,0,151.44,-33.93,2400,false
1987-10,1987,10,198710,11.22,252.77,315.35,0,0,0,10.88,277.6,318.35,11.68,145.7,10.17,137.39,10.09,151.9,0,0,0,195.52,-28.85,2640,false
1987-11,1987,11,198711,15.08,305.97,353.27,0,0,0,14.93,333.98,365.51,14.98,160.68,13.4,150.79,13.17,165.07,0,0,0,362.14,1.96,3000,false
1987-12,1987,12,198712,14.15,363.41,363.41,0,0,0,13.97,394.6,394.6,16.05,176.73,15.92,166.71,13.88,178.95,0,0,0,366.05,0.57,3600,true
1988-01,1988,01,198801,18.89,18.89,386.67,0,0,0,18.97,18.97,403.72,18.39,18.39,14.7,14.7,17.39,17.39,0,0,0,606.33,45.14,4500,false
1988-02,1988,02,198802,15.7,37.55,399.9,0,0,0,15.81,37.78,411.97,17.86,36.25,13.38,28.08,15.78,33.17,0,0,0,833.98,86.83,5280,false
1988-03,1988,03,198803,17.6,61.77,405.18,0,0,0,18.09,62.7,428.5,17.52,53.77,18.65,46.73,19.46,52.63,0,0,0,480.08,14.83,6240,false
1988-04,1988,04,198804,19.29,92.97,405.99,0,0,0,18.33,92.53,417.01,21.32,75.09,21.17,67.9,17.02,69.65,0,0,0,1054.31,128.13,7260,false
1988-05,1988,05,198805,17.42,126.58,389.19,0,0,0,18.24,127.64,396.44,19.27,94.36,16.25,84.15,23.64,93.29,0,0,0,762.51,76.31,8712,false
1988-06,1988,06,198806,22,176.43,398.54,0,0,0,22.28,178.36,400.45,21.23,115.59,21.7,105.85,20.2,113.49,0,0,0,720.75,64.63,10368,false
1988-07,1988,07,198807,21.91,237,456.52,0,0,0,23.02,242.44,460.04,22.25,137.84,22.65,128.5,19.71,133.2,0,0,0,1312.8,153.86,12444,false
1988-08,1988,08,198808,21.59,309.76,545.24,0,0,0,20.63,313.09,542.86,23.71,161.55,19.67,148.17,21.88,155.08,0,0,0,835.07,44.92,15552,false
1988-09,1988,09,198809,27.45,422.23,662.99,0,0,0,26.93,424.33,661.52,26.15,187.7,23.6,171.77,25.36,180.44,0,0,0,1539.21,114.84,18960,false
1988-10,1988,10,198810,25.62,556.03,761.78,0,0,0,26.69,564.28,770.1,26.88,214.58,28.48,200.25,34.58,215.02,0,0,0,3076.43,268.59,23700,false
1988-11,1988,11,198811,27.94,739.33,858.09,0,0,0,28.15,751.27,870.19,27.59,242.17,25.77,226.02,30.72,245.74,0,0,0,1909.3,109.72,30800,false
1988-12,1988,12,198812,28.7,980.21,980.21,0,0,0,28.43,993.28,993.28,29.46,271.63,27.89,253.91,27.72,273.46,0,0,0,1962.12,90.9,40425,true
1989-01,1989,01,198901,37.49,37.49,1149.22,0,0,0,35.48,35.48,1145.01,36.12,36.12,31.11,31.11,31.99,31.99,0,0,0,1253.74,8.37,54.37,false
1989-02,1989,02,198902,16.78,60.56,1160.88,0,0,0,16.35,57.63,1150.81,10.74,46.86,14.01,45.12,13.92,45.91,0,0,0,1034.67,-10.01,63.9,false
1989-03,1989,03,198903,6.82,71.51,1045.29,0,0,0,5.9,66.93,1021.69,3.11,49.97,6.46,51.58,5.51,51.42,0,0,0,829.22,-18.87,81.4,false
1989-04,1989,04,198904,8.33,85.8,940.07,0,0,0,8.06,80.39,924.34,4.88,54.85,10.02,61.6,6.12,57.54,0,0,0,324.54,-59.18,81.4,false
1989-05,1989,05,198905,17.92,119.09,944.5,0,0,0,16.67,110.46,910.74,11.22,66.07,16.59,78.19,18.96,76.5,0,0,0,266.37,-64.92,81.4,false
1989-06,1989,06,198906,28.65,181.86,1001.44,0,0,0,29.4,172.33,969.59,25.42,91.49,25.29,103.48,29.86,106.36,23.59,23.59,0,1486.02,44,120,false
1989-07,1989,07,198907,27.74,260.05,1054.11,0,0,0,27.4,246.95,1007.67,39.44,130.93,28.06,131.54,41.43,147.79,30.79,54.38,0,3005.24,169.06,149.8,false
1989-08,1989,08,198908,33.71,381.43,1169.15,0,0,0,33.18,362.07,1122.91,36.73,167.66,30.95,162.49,43.05,190.84,45.87,100.25,0,2687.61,119.64,192.88,false
1989-09,1989,09,198909,37.56,562.25,1269.82,0,0,0,36.35,530.03,1213.67,41.41,209.07,35.83,198.32,39.56,230.4,38.04,138.29,0,6002.01,345.46,249.48,false
1989-10,1989,10,198910,39.77,825.62,1424.12,0,0,0,38.76,774.23,1338.83,40.34,249.41,37.29,235.61,39.22,269.62,38.59,176.88,0,10676.54,607.07,381.73,false
1989-11,1989,11,198911,47.82,1268.26,1660.95,0,0,0,48.47,1197.96,1566.98,44.32,293.73,42.96,278.57,41.39,311.01,42.35,219.23,0,14365.32,721.45,557.33,false
1989-12,1989,12,198912,51.5,1972.91,1972.91,0,0,0,51.28,1863.56,1863.56,48.89,342.62,51.82,330.39,46.84,357.85,44.84,264.07,0,51659.46,2396.95,788.18,true
1990-01,1990,01,199001,67.55,67.55,2426.12,0,0,0,68.19,68.19,2337.64,72.63,72.63,74.53,74.53,64.68,64.68,51.9,51.9,0,36957.2,1366.96,1283.95,false
1990-02,1990,02,199002,75.73,194.44,3701.29,0,0,0,73.99,192.63,3545.25,73.99,146.62,70.16,144.69,70.25,134.93,70.2,122.1,0,438898.83,11448.68,2004.37,false
1990-03,1990,03,199003,82.39,437.02,6390.53,0,0,0,82.18,433.12,6170.92,82.04,228.66,79.11,223.8,78.41,213.34,72.48,194.58,0,3507.42,-44.42,3674.06,false
1990-04,1990,04,199004,15.52,520.37,6821.31,0,0,0,14.67,511.33,6554.52,9.98,238.64,20.19,243.99,1.67,215.01,38.2,232.78,0,73.21,-97.5,3674.06,false
1990-05,1990,05,199005,7.59,567.45,6214.99,0,0,0,7.31,556.02,6020.65,9.93,248.57,8.53,252.52,0.99,216,1.1,233.88,0,88.57,-97.01,3674.06,false
1990-06,1990,06,199006,11.75,645.88,5385.43,0,0,0,11.64,632.38,5180.6,7.32,255.89,11.7,264.22,7.42,223.42,4.43,238.31,0,187.11,-94.77,3857.76,false
1990-07,1990,07,199007,12.92,742.25,4749.03,0,0,0,12.62,724.8,4567.98,11.57,267.46,11.31,275.53,16.67,240.09,11.21,249.52,0,339.35,-90.94,4904.76,false
1990-08,1990,08,199008,12.88,850.73,3993.62,0,0,0,12.18,825.26,3831.93,12.95,280.41,11.83,287.36,13.11,253.2,13.94,263.46,0,230.48,-91.93,5203.76,false
1990-09,1990,09,199009,14.41,987.73,3304.71,0,0,0,14.26,957.21,3194.92,11.06,291.47,13.13,300.49,10.87,264.07,12.39,275.85,0,554.26,-80.78,6056.31,false
1990-10,1990,10,199010,14.36,1143.92,2685.74,0,0,0,14.43,1109.76,2617.19,14.59,306.06,15.83,316.32,11.48,275.55,11.52,287.37,0,524.39,-77.59,6425.14,false
1990-11,1990,11,199011,16.81,1353.03,2101.34,0,0,0,16.92,1314.45,2039.79,18.43,324.49,18.56,334.88,13.05,288.6,12.14,299.51,0,877.02,-55.62,8329.55,false
1990-12,1990,12,199012,18.44,1620.97,1620.97,0,0,0,19.14,1585.18,1585.18,15,339.49,16.03,350.91,17.51,306.11,14.15,313.66,0,1237.94,-22.26,8836.82,true
1991-01,1991,01,199101,20.75,20.75,1140.27,0,0,0,20.95,20.95,1111.86,20.32,20.32,21.02,21.02,17.03,17.03,15.67,15.67,0,789.54,-28.28,12325.6,false
1991-02,1991,02,199102,20.72,45.77,752.02,0,0,0,20.2,45.38,737.2,21.57,41.89,20.54,41.56,15.5,32.53,17.54,33.21,0,166.94,-68.67,15849,false
1991-03,1991,03,199103,11.92,63.15,422.84,0,0,0,11.79,62.52,413.72,7.48,49.37,7.48,49.04,8.33,40.86,12.34,45.55,0,213.32,-40.07,17000,false
1991-04,1991,04,199104,4.99,71.29,375.18,0,0,0,5.01,70.66,370.44,9.04,58.41,7.19,56.23,6.77,47.63,8.51,54.06,0,187.77,-39.44,17000,false
1991-05,1991,05,199105,7.43,84.02,374.48,0,0,0,6.68,82.06,367.68,5.45,63.86,5.76,61.99,13.19,60.82,7.25,61.31,0,198.99,-36.99,17000,false
1991-06,1991,06,199106,11.19,104.61,372.1,0,0,0,10.83,101.78,364.29,8.77,72.63,9.78,71.77,10.18,71,13.36,74.67,0,244.79,-26.97,17000,false
1991-07,1991,07,199107,12.41,130,369.96,0,0,0,12.14,126.28,362.32,12.45,85.08,11.3,83.07,13.61,84.61,11.74,86.41,0,259.48,-23.51,17000,false
1991-08,1991,08,199108,15.63,165.95,381.41,0,0,0,15.62,161.62,376.49,15.6,100.68,14.42,97.49,14.63,99.24,14.15,100.56,0,434.02,10.93,17000,false
1991-09,1991,09,199109,15.63,207.52,386.55,0,0,0,15.62,202.49,382.17,15.17,115.85,16.21,113.7,21.11,120.35,13.53,114.09,0,772.46,79.32,42000,false
1991-10,1991,10,199110,20.23,269.73,411.52,0,0,0,21.08,266.25,410.18,27.34,143.19,25.17,138.87,23.01,143.36,23.07,137.16,0,1152.41,144.84,42000,false
1991-11,1991,11,199111,25.21,362.94,448.31,0,0,0,26.48,363.23,451.89,25.52,168.71,25.39,164.26,29.47,172.83,21.1,158.26,0,3343.48,528.02,42000,false
1991-12,1991,12,199112,23.71,472.7,472.7,0,0,0,24.15,475.1,475.1,21.5,190.21,23.25,187.51,19.71,192.54,29.72,187.98,0,2495.22,353.16,42000,true
1992-01,1992,01,199201,25.94,25.94,497.32,0,0,0,25.92,25.92,498.74,27.11,27.11,25.89,25.89,29.87,29.87,18.25,18.25,0,1757.41,210.96,96037.33,false
1992-02,1992,02,199202,24.32,56.57,515.13,0,0,0,24.48,56.75,520.06,25.48,52.59,21.57,47.46,23.63,53.5,28.24,46.49,0,2316.07,292.77,96037.33,false
1992-03,1992,03,199203,21.4,90.08,567.21,0,0,0,21.62,90.63,574.59,19.67,72.26,21.74,69.2,27.77,81.27,23.47,69.96,0,1903.48,200.28,96037.33,false
1992-04,1992,04,199204,19.93,127.96,662.16,0,0,0,20.84,130.36,676.29,17.8,90.06,22.73,91.93,17.42,98.69,28.74,98.7,0,1619.83,125.65,230000,false
1992-05,1992,05,199205,24.86,184.63,785.81,0,0,0,24.5,186.8,805.97,21.23,111.29,22.53,114.46,28.22,126.91,17.74,116.44,0,1257.14,53.21,230000,false
1992-06,1992,06,199206,20.21,242.15,857.68,0,0,0,20.85,246.6,887.86,20.9,132.19,22.45,136.91,18.03,144.94,27.55,143.99,0,1257.75,41.77,230000,false
1992-07,1992,07,199207,21.83,316.84,937.94,0,0,0,22.08,323.13,975.4,22.19,154.38,21.1,158.01,23.53,168.47,18.78,162.77,0,1181.45,23.46,230000,false
1992-08,1992,08,199208,22.14,409.13,996.37,0,0,0,22.38,417.83,1038.3,27.4,181.78,23.16,181.17,17.28,185.75,23.19,185.96,0,1447.92,41.19,230000,false
1992-09,1992,09,199209,24.63,534.53,1081.7,0,0,0,23.98,542,1120.59,27.17,208.95,24.41,205.58,34.3,220.05,19.51,205.47,0,1773.24,58.52,522186.9,false
1992-10,1992,10,199210,25.24,694.69,1130.94,0,0,0,26.07,709.37,1170.91,24.83,233.78,26.46,232.04,18.91,238.96,31.33,236.8,0,1866.66,59.77,522186.9,false
1992-11,1992,11,199211,22.49,873.41,1104.2,0,0,0,22.89,894.64,1134.84,24.43,258.21,21.89,253.93,29.16,268.12,21.01,257.81,0,1815.18,59.04,522186.9,false
1992-12,1992,12,199212,25.24,1119.1,1119.1,0,0,0,25.58,1149.06,1149.06,23.78,281.99,25.29,279.22,18.84,286.96,27.75,285.56,0,1300.85,14.91,522186.9,true
1993-01,1993,01,199301,30.35,30.35,1161.79,0,0,0,28.77,28.77,1177.33,26.69,26.69,27.42,27.42,36.9,36.9,19.13,19.13,0,2259.56,87,1250700,false
1993-02,1993,02,199302,24.98,62.91,1168.49,0,0,0,24.79,60.69,1180.5,26.23,52.92,25.1,52.52,22.59,59.49,34.43,53.56,0,3397.11,175.69,1250700,false
1993-03,1993,03,199303,27.26,107.32,1229.71,0,0,0,27.58,105.01,1243.26,28.08,81,25.16,77.68,32.61,92.1,23.72,77.28,0,1441.34,15.92,1709400,false
1993-04,1993,04,199304,27.75,164.85,1316.42,0,0,0,28.37,163.17,1326.96,28.32,109.32,28.74,106.42,21.28,113.38,32.46,109.74,0,3326.22,141.89,1709400,false
1993-05,1993,05,199305,27.69,238.19,1348.52,0,0,0,26.78,233.65,1353.09,32.06,141.38,29.14,135.56,40.6,153.98,27.53,137.27,0,2430.28,74.68,3303300,false
1993-06,1993,06,199306,30.07,339.88,1467.33,0,0,0,30.37,334.98,1467.56,30.3,171.68,30.53,166.09,27.13,181.11,36.11,173.38,0,2676.49,77.15,3303300,false
1993-07,1993,07,199307,30.72,475.02,1581.7,0,0,0,31.01,469.87,1582.22,32.29,203.97,30.89,196.98,33.73,214.84,27.7,201.08,0,2461.37,52.31,4639800,false
1993-08,1993,08,199308,32.96,664.54,1730.67,0,0,0,33.34,659.86,1732.88,33.34,237.31,33.97,230.95,28.42,243.26,33.37,234.45,0,2916.19,64.76,5534,false
1993-09,1993,09,199309,35.69,937.41,1893.13,0,0,0,35.63,930.6,1905.11,37.25,274.56,34.12,265.07,40.09,283.35,31.19,265.64,0,4359.96,123.77,9606,false
1993-10,1993,10,199310,33.92,1289.3,2031.27,0,0,0,34.12,1282.24,2033.14,35.03,309.59,35.23,300.3,34.03,317.38,36.63,302.27,0,5902.32,181.63,12024,false
1993-11,1993,11,199311,35.56,1783.33,2258.68,0,0,0,36,1779.85,2260.71,36.52,346.11,35.84,336.14,38.4,355.78,36.07,338.34,0,5892.16,154.05,15021,false
1993-12,1993,12,199312,36.84,2477.15,2477.15,0,0,0,37.73,2489.11,2489.11,35.72,381.83,38.52,374.66,32.99,388.77,38.16,376.5,0,4010.32,59.49,18760,true
1994-01,1994,01,199401,41.31,41.31,2693.84,0,0,0,41.32,41.32,2741.45,41.28,41.28,40.3,40.3,45.93,45.93,33.62,33.62,0,7065.02,156.46,32882,false
1994-02,1994,02,199402,40.27,98.22,3035.71,0,0,0,40.57,98.65,3100.7,43.23,84.51,38.19,78.49,39.14,85.07,40.68,74.3,0,13442.03,331.86,42829,false
1994-03,1994,03,199403,42.75,182.96,3417.39,0,0,0,43.08,184.23,3489.58,43.65,128.16,41.94,120.43,55.71,140.78,43.41,117.71,0,7784.35,124.15,64.79,false
1994-04,1994,04,199404,42.68,303.73,3828.49,0,0,0,42.86,306.05,3894.75,40.2,168.36,46.22,166.65,45.6,186.38,50.7,168.41,0,15710.86,302.47,64.79,false
1994-05,1994,05,199405,44.03,481.49,4331.19,0,0,0,42.73,479.56,4397.36,38.47,206.83,45.1,211.75,45.6,231.98,45.18,213.59,0,8784.03,100.49,64.79,false
1994-06,1994,06,199406,47.43,757.29,4922.6,0,0,0,48.24,759.14,5013.82,45.5,252.33,50.75,262.5,44.74,276.72,45.51,259.1,0,13532.65,171.43,64.79,false
1994-07,1994,07,199407,6.84,815.93,4005.08,0,0,0,7.75,825.72,4105.88,23.12,275.45,6.95,269.45,3.58,280.3,42.85,301.95,0,131.03,-94.37,64.79,false
1994-08,1994,08,199408,1.86,832.97,3044.89,0,0,0,1.85,842.85,3112.62,4.4,279.85,1.95,271.4,0.14,280.44,3.95,305.9,0,56.46,-95.02,70,false
1994-09,1994,09,199409,1.53,847.24,2253.15,0,0,0,1.4,856.05,2301.83,1.79,281.64,0.82,272.22,0.38,280.82,0.31,306.21,0,57.06,-93.33,70,false
1994-10,1994,10,199410,2.62,872.06,1703.17,0,0,0,2.82,883.01,1741.3,2.71,284.35,3.17,275.39,1.32,282.14,0.88,307.09,0,60.3,-91.11,70,false
1994-11,1994,11,199411,2.81,899.37,1267.54,0,0,0,2.96,912.11,1293.98,2.18,286.53,3.02,278.41,2.36,284.5,1.42,308.51,0,65.36,-87.91,70,false
1994-12,1994,12,199412,1.71,916.46,916.46,0,0,0,1.7,929.32,929.32,0.17,286.7,1.25,279.66,1.32,285.82,2.44,310.95,0,53.25,-84.92,70,true
1995-01,1995,01,199501,1.7,1.7,631.54,0,0,0,1.44,1.44,638.85,0.87,0.87,0.8,0.8,3.5,3.5,1.37,1.37,0,46.25,-80.01,70,false
1995-02,1995,02,199502,1.02,2.74,426.83,0,0,0,1.01,2.46,430.93,0.58,1.45,1.32,2.12,2.09,5.59,3.54,4.91,0,56.54,-70.29,70,false
1995-03,1995,03,199503,1.55,4.33,274.78,0,0,0,1.62,4.13,277.08,1.08,2.53,1.92,4.04,3.3,8.89,2.41,7.32,0,57.98,-57.85,70,false
1995-04,1995,04,199504,2.43,6.87,169.05,0,0,0,2.49,6.72,170.53,1.99,4.52,2.64,6.68,2.3,11.19,2.74,10.06,0,85.47,-31.06,70,false
1995-05,1995,05,199505,2.67,9.72,91.79,0,0,0,2.1,8.96,93.52,-2.03,2.49,1.97,8.65,8.77,19.96,2.43,12.49,0,61.05,-16.03,100,false
1995-06,1995,06,199506,2.26,12.2,33.03,0,0,0,2.18,11.33,33.39,1.55,4.04,2.66,11.31,3.12,23.08,9.38,21.87,0,60.84,20.91,100,false
1995-07,1995,07,199507,2.36,14.84,27.45,0,0,0,2.46,14.07,26.84,2.24,6.28,3.72,15.03,1.09,24.17,2.71,24.58,0,60.53,25.96,100,false
1995-08,1995,08,199508,0.99,15.98,26.36,0,0,0,1.02,15.24,25.81,1.73,8.01,1.43,16.46,0.62,24.79,0.93,25.51,0,51.11,19.59,100,false
1995-09,1995,09,199509,0.99,17.13,25.69,0,0,0,1.17,16.59,25.52,-2.42,5.59,0.74,17.2,0.72,25.51,4.68,30.19,0,51,20.14,100,false
1995-10,1995,10,199510,1.41,18.78,24.21,0,0,0,1.4,18.22,23.79,-0.14,5.45,1.48,18.68,0.86,26.37,0.72,30.91,0,44.11,16.02,100,false
1995-11,1995,11,199511,1.47,20.53,22.59,0,0,0,1.51,20,22.04,1.49,6.94,1.17,19.85,0.73,27.1,0.76,31.67,0,42.93,16.59,100,false
1995-12,1995,12,199512,1.56,22.41,22.41,0,0,0,1.65,21.98,21.98,-0.61,6.33,1.21,21.06,0.86,27.96,1.07,32.74,0,41.22,15.37,100,true
1996-01,1996,01,199601,1.34,1.34,21.97,0,0,0,1.46,1.46,22.01,1.31,1.31,1.82,1.82,1.52,1.52,0.67,0.67,0,33.83,9.72,100,false
1996-02,1996,02,199602,1.03,2.38,21.99,0,0,0,0.71,2.18,21.64,0.47,1.78,0.4,2.22,0.11,1.63,1.35,2.02,0,36.11,11.57,100,false
1996-03,1996,03,199603,0.35,2.74,20.55,0,0,0,0.29,2.48,20.05,-0.07,1.71,0.23,2.45,0.98,2.61,0.19,2.21,0,30.16,7.97,100,false
1996-04,1996,04,199604,1.26,4.04,19.17,0,0,0,0.93,3.43,18.22,0.41,2.12,1.62,4.07,0.25,2.86,0.89,3.1,0,29.42,8.6,100,false
1996-05,1996,05,199605,1.22,5.31,17.49,0,0,0,1.28,4.75,17.27,1.34,3.46,1.34,5.41,2.16,5.02,0.55,3.65,0,25.64,6.94,112,false
1996-06,1996,06,199606,1.19,6.56,16.26,0,0,0,1.33,6.15,16.3,0.94,4.4,1.41,6.82,1.54,6.56,2.01,5.66,1.9,29.65,11.52,112,false
1996-07,1996,07,199607,1.11,7.74,14.84,0,0,0,1.2,7.42,14.87,1.38,5.78,1.31,8.13,0.75,7.31,1.52,7.18,1.9,23.28,7.35,112,false
1996-08,1996,08,199608,0.44,8.22,14.21,0,0,0,0.5,7.96,14.28,-0.05,5.73,0.34,8.47,0.23,7.54,0.74,7.92,1.88,25.01,9.46,112,false
1996-09,1996,09,199609,0.15,8.38,13.26,0,0,0,0.02,7.98,12.98,0.41,6.14,0.07,8.54,0.22,7.76,0.15,8.07,1.82,25.4,10.72,112,false
1996-10,1996,10,199610,0.3,8.7,12.02,0,0,0,0.38,8.39,11.84,0.24,6.38,0.58,9.12,0.26,8.02,0.23,8.3,1.78,23.48,10.23,112,false
1996-11,1996,11,199611,0.32,9.05,10.75,0,0,0,0.34,8.76,10.55,0.24,6.62,0.34,9.46,0.58,8.6,0.28,8.58,1.74,25.27,13.11,112,false
1996-12,1996,12,199612,0.47,9.56,9.56,0,0,0,0.33,9.12,9.12,1.21,7.83,0.17,9.63,0.59,9.19,0.48,9.06,1.7,23.94,13.13,112,true
1997-01,1997,01,199701,1.18,1.18,9.39,0,0,0,0.81,0.81,8.42,1.67,1.67,1.23,1.23,0.32,0.32,0.68,0.68,1.66,21.73,11.28,112,false
1997-02,1997,02,199702,0.5,1.69,8.82,0,0,0,0.45,1.26,8.14,0.34,2.01,0.01,1.24,0.48,0.8,0.31,0.99,1.62,26.14,15.92,112,false
1997-03,1997,03,199703,0.51,2.21,8.99,0,0,0,0.68,1.95,8.56,1.59,3.6,0.21,1.45,0.73,1.53,0.42,1.41,1.58,24.11,13.87,112,false
1997-04,1997,04,199704,0.88,3.1,8.58,0,0,0,0.6,2.56,8.2,0.53,4.13,0.64,2.09,0.23,1.76,0.73,2.14,1.58,21.84,12.21,112,false
1997-05,1997,05,199705,0.41,3.53,7.71,0,0,0,0.11,2.68,6.95,0.14,4.27,0.55,2.64,0.86,2.62,0.3,2.44,1.58,21.91,13.18,120,false
1997-06,1997,06,199706,0.54,4.09,7.02,0,0,0,0.35,3.04,5.92,0.24,4.51,1.42,4.06,1.11,3.73,0.99,3.43,1.58,21.08,13.14,120,false
1997-07,1997,07,199707,0.22,4.31,6.08,0,0,0,0.18,3.22,4.85,-0.09,4.42,0.11,4.17,0.51,4.24,0.94,4.37,1.58,19.04,12.22,120,false
1997-08,1997,08,199708,-0.02,4.29,5.59,0,0,0,-0.03,3.19,4.3,-0.15,4.27,-0.76,3.41,1.18,5.42,0.55,4.92,1.58,20.78,14.39,120,false
1997-09,1997,09,199709,0.06,4.36,5.5,0,0,0,0.1,3.29,4.38,0.92,5.19,0.01,3.42,0.27,5.69,1.18,6.1,1.58,19.81,13.56,120,false
1997-10,1997,10,199710,0.23,4.6,5.42,0,0,0,0.29,3.59,4.29,0.41,5.6,0.22,3.64,0.15,5.84,0.22,6.32,3.05,19.93,13.76,120,false
1997-11,1997,11,199711,0.17,4.77,5.27,0,0,0,0.15,3.75,4.09,1.08,6.68,0.53,4.17,0.54,6.38,0.22,6.54,2.9,45.9,38.6,120,false
1997-12,1997,12,199712,0.43,5.22,5.22,0,0,0,0.57,4.34,4.34,0.87,7.55,0.57,4.74,0.23,6.61,0.52,7.06,38,39.87,32.93,120,true
1998-01,1998,01,199801,0.71,0.71,4.73,0,0,0,0.85,0.85,4.38,0.75,0.75,0.24,0.24,0.33,0.33,0.29,0.29,34.5,37.19,30.99,120,false
1998-02,1998,02,199802,0.46,1.17,4.69,0,0,0,0.54,1.39,4.47,-0.15,0.6,-0.16,0.08,0.48,0.81,0.48,0.77,34.5,34.32,28.3,120,false
1998-03,1998,03,199803,0.34,1.52,4.52,0,0,0,0.49,1.89,4.28,0.13,0.73,-0.23,-0.15,0.47,1.28,0.31,1.08,28,28.32,22.77,120,false
1998-04,1998,04,199804,0.24,1.76,3.85,0,0,0,0.45,2.35,4.12,-0.28,0.45,0.62,0.47,-0.5,0.78,0,1.08,23.25,25.16,20.52,120,false
1998-05,1998,05,199805,0.5,2.27,3.95,0,0,0,0.72,3.09,4.75,0.13,0.58,0.52,0.99,0.98,1.76,0.47,1.55,21.75,22.6,17.94,130,false
1998-06,1998,06,199806,0.02,2.29,3.41,0,0,0,0.15,3.24,4.55,0.17,0.75,0.19,1.18,0.39,2.15,0.86,2.41,21,21.02,17.03,130,false
1998-07,1998,07,199807,-0.12,2.17,3.06,0,0,0,-0.28,2.95,4.07,-0.61,0.14,-0.77,0.41,0.34,2.49,0.42,2.83,19.75,20.33,16.76,130,false
1998-08,1998,08,199808,-0.51,1.65,2.55,0,0,0,-0.49,2.45,3.59,-0.04,0.1,-1,-0.59,0.22,2.71,0.29,3.12,19.75,19.23,16.27,130,false
1998-09,1998,09,199809,-0.22,1.42,2.27,0,0,0,-0.31,2.13,3.16,0.06,0.16,-0.66,-1.25,0.01,2.72,0.09,3.21,19,34.29,31.31,130,false
1998-10,1998,10,199810,0.02,1.44,2.05,0,0,0,0.11,2.24,2.98,-0.19,-0.03,0.02,-1.23,0.01,2.73,0.05,3.26,19,41.6,38.76,130,false
1998-11,1998,11,199811,-0.12,1.32,1.76,0,0,0,-0.18,2.06,2.64,-0.2,-0.23,-0.44,-1.67,-0.05,2.68,0,3.26,19,38.73,36.33,130,false
1998-12,1998,12,199812,0.33,1.65,1.65,0,0,0,0.42,2.49,2.49,1.74,1.51,-0.12,-1.79,0.05,2.73,0,3.26,29,31.24,29.11,130,true
1999-01,1999,01,199901,0.7,0.7,1.65,0,0,0,0.65,0.65,2.28,1.58,1.58,0.5,0.5,0.55,0.55,0.21,0.21,25,31.19,29.06,130,false
1999-02,1999,02,199902,1.05,1.76,2.24,0,0,0,1.29,1.95,3.05,6.99,8.57,1.41,1.91,0.98,1.53,0.62,0.83,25,38.97,35.93,130,false
1999-03,1999,03,199903,1.1,2.88,3.02,0,0,0,1.28,3.25,3.86,2.84,11.41,0.56,2.47,0.55,2.08,0.91,1.74,45,43.25,39.05,130,false
1999-04,1999,04,199904,0.56,3.45,3.35,0,0,0,0.47,3.74,3.88,-0.34,11.07,0.47,2.94,0.52,2.6,0.58,2.32,34,36.12,31.71,130,false
1999-05,1999,05,199905,0.3,3.76,3.14,0,0,0,0.05,3.79,3.19,-0.82,10.25,-0.37,2.57,0.86,3.46,0.38,2.7,23.5,27.11,23.24,136,false
1999-06,1999,06,199906,0.19,3.96,3.32,0,0,0,0.07,3.86,3.1,1.35,11.6,-0.08,2.49,0.41,3.87,0.88,3.58,21,22.01,18.09,136,false
1999-07,1999,07,199907,1.09,5.09,4.57,0,0,0,0.74,4.63,4.16,2.03,13.63,1.09,3.58,0.46,4.33,0.41,3.99,19.5,20.74,15.46,136,false
1999-08,1999,08,199908,0.56,5.68,5.69,0,0,0,0.55,5.21,5.25,2.15,15.78,0.74,4.32,0.69,5.02,0.52,4.51,19.5,19.51,13.08,136,false
1999-09,1999,09,199909,0.31,6.01,6.25,0,0,0,0.39,5.62,5.99,2.3,18.08,0.91,5.23,0.86,5.88,0.83,5.34,19,19.38,12.36,136,false
1999-10,1999,10,199910,1.19,7.27,7.5,0,0,0,0.96,6.63,6.89,2.58,20.66,1.13,6.36,1.01,6.89,0.79,6.13,19,18.91,10.61,136,false
1999-11,1999,11,199911,0.95,8.29,8.65,0,0,0,0.94,7.63,8.08,3.71,24.37,1.48,7.84,0.91,7.8,1.22,7.35,19,18.95,9.48,136,false
1999-12,1999,12,199912,0.6,8.94,8.94,0,0,0,0.74,8.43,8.43,1.49,25.86,0.49,8.33,1.04,8.84,0.81,8.16,19,18.99,9.23,136,true
2000-01,2000,01,200001,0.62,0.62,8.85,0,0,0,0.61,0.61,8.39,1.02,1.02,0.57,0.57,1.07,1.07,1.15,1.15,19,18.94,9.27,136,false
2000-02,2000,02,200002,0.13,0.75,7.86,0,0,0,0.05,0.66,7.06,0.17,1.19,-0.23,0.34,0.77,1.84,0.89,2.04,19,18.87,10.21,136,false
2000-03,2000,03,200003,0.22,0.97,6.92,0,0,0,0.13,0.79,5.84,-0.05,1.14,0.23,0.57,0.56,2.4,0.82,2.86,19,18.85,11.16,136,false
2000-04,2000,04,200004,0.42,1.4,6.77,0,0,0,0.09,0.88,5.44,-0.02,1.12,0.09,0.66,0.6,3,0.69,3.55,18.5,18.62,11.1,151,false
2000-05,2000,05,200005,0.01,1.41,6.47,0.09,1.65,6.57,-0.05,0.83,5.34,0.69,1.81,0.03,0.69,1.35,4.35,0.57,4.12,18.5,18.51,11.31,151,false
2000-06,2000,06,200006,0.23,1.64,6.51,0.08,1.73,6.68,0.3,1.13,5.58,1.45,3.26,0.18,0.87,0.73,5.08,1.09,5.21,17.5,18.04,10.83,151,false
2000-07,2000,07,200007,1.61,3.28,7.06,0.78,2.52,6.67,1.39,2.54,6.26,2.79,6.05,1.4,2.27,0.3,5.38,0.83,6.04,16.5,16.85,9.14,151,false
2000-08,2000,08,200008,1.31,4.63,7.86,1.99,4.56,7.92,1.21,3.78,6.96,2.56,8.61,1.55,3.82,0.39,5.77,0.35,6.39,16.5,16.52,8.03,151,false
2000-09,2000,09,200009,0.23,4.87,7.77,0.45,5.03,7.9,0.43,4.23,7,1.09,9.7,0.27,4.09,0.26,6.03,0.3,6.69,16.5,16.56,8.16,151,false
2000-10,2000,10,200010,0.14,5.02,6.65,0.18,5.22,7.23,0.16,4.39,6.15,0.56,10.26,0.01,4.1,0.33,6.36,0.28,6.97,16.5,16.6,9.33,151,false
2000-11,2000,11,200011,0.32,5.35,5.99,0.17,5.4,6.36,0.29,4.7,5.47,0.38,10.64,-0.05,4.05,0.41,6.77,0.29,7.26,16.5,16.51,9.93,151,false
2000-12,2000,12,200012,0.59,5.97,5.97,0.6,6.04,6.04,0.55,5.27,5.27,0.85,11.49,0.26,4.31,0.64,7.41,0.49,7.75,15.75,16.19,9.64,151,true
2001-01,2001,01,200101,0.57,0.57,5.92,0.63,0.63,6.01,0.77,0.77,5.44,0.4,0.4,0.38,0.38,0.58,0.58,0.4,0.4,15.25,15.49,9.04,151,false
2001-02,2001,02,200102,0.46,1.03,6.27,0.5,1.13,6.18,0.49,1.26,5.9,0.31,0.71,0.11,0.49,0.34,0.92,0.55,0.95,15.25,15.2,8.4,151,false
2001-03,2001,03,200103,0.38,1.42,6.44,0.36,1.5,6.47,0.48,1.75,6.27,1.01,1.72,0.51,1,0.27,1.19,0.34,1.29,15.75,15.39,8.41,151,false
2001-04,2001,04,200104,0.58,2,6.61,0.5,2.01,6.5,0.84,2.6,7.07,1.39,3.11,0.61,1.61,0.36,1.55,0.28,1.57,16.25,16.02,8.83,180,false
2001-05,2001,05,200105,0.41,2.42,7.04,0.49,2.51,6.93,0.57,3.19,7.73,0.18,3.29,0.17,1.78,2.11,3.66,2,3.57,16.75,16.43,8.77,180,false
2001-06,2001,06,200106,0.52,2.96,7.35,0.38,2.89,7.25,0.6,3.81,8.06,1.96,5.25,0.85,2.63,1.16,4.82,0.69,4.26,18.25,17.28,9.25,180,false
2001-07,2001,07,200107,1.33,4.32,7.05,0.94,3.86,7.42,1.11,4.96,7.76,1.93,7.18,1.21,3.84,0.52,5.34,1.07,5.33,19,18.57,10.76,180,false
2001-08,2001,08,200108,0.7,5.06,6.41,1.18,5.09,6.57,0.79,5.79,7.31,1.13,8.31,1.15,4.99,0.62,5.96,0.56,5.89,19,19,11.83,180,false
2001-09,2001,09,200109,0.28,5.35,6.46,0.38,5.49,6.49,0.44,6.26,7.32,0.48,8.79,0.32,5.31,0.55,6.51,0.59,6.48,19,19.06,11.84,180,false
2001-10,2001,10,200110,0.83,6.22,7.19,0.37,5.88,6.69,0.94,7.25,8.16,1.88,10.67,0.74,6.05,0.93,7.44,0.92,7.4,19,19.06,11.07,180,false
2001-11,2001,11,200111,0.71,6.98,7.61,0.99,6.92,7.57,1.29,8.64,9.24,0.73,11.4,0.61,6.66,0.74,8.18,0.6,8,19,19.05,10.63,180,false
2001-12,2001,12,200112,0.65,7.67,7.67,0.55,7.51,7.51,0.74,9.44,9.44,-0.09,11.31,0.25,6.91,0.34,8.52,0.7,8.7,19,19.05,10.57,180,true
2002-01,2002,01,200201,0.52,0.52,7.62,0.62,0.62,7.5,1.07,1.07,9.77,-0.13,-0.13,0.57,0.57,0.36,0.36,0.4,0.4,19,19.05,10.62,180,false
2002-02,2002,02,200202,0.36,0.88,7.51,0.44,1.06,7.44,0.31,1.38,9.57,0.14,0.01,0.26,0.83,0.58,0.94,0.31,0.71,18.75,18.97,10.66,180,false
2002-03,2002,03,200203,0.6,1.49,7.75,0.4,1.47,7.48,0.62,2.01,9.72,-0.11,-0.1,0.07,0.9,0.55,1.49,0.84,1.55,18.5,18.72,10.18,180,false
2002-04,2002,04,200204,0.8,2.3,7.98,0.78,2.26,7.78,0.68,2.71,9.55,0.75,0.65,0.06,0.96,0.33,1.82,0.32,1.87,18.5,18.38,9.63,200,false
2002-05,2002,05,200205,0.21,2.51,7.77,0.42,2.69,7.7,0.09,2.8,9.03,1.27,1.92,0.06,1.02,2.53,4.35,2.47,4.34,18.5,18.37,9.84,200,false
2002-06,2002,06,200206,0.42,2.94,7.66,0.33,3.03,7.65,0.61,3.42,9.04,2.5,4.42,0.31,1.33,0.57,4.92,0.21,4.55,18.5,18.1,9.7,200,false
2002-07,2002,07,200207,1.19,4.17,7.51,0.77,3.82,7.47,1.15,4.61,9.08,2.82,7.24,0.67,2,0.29,5.21,0.63,5.18,18,18.17,9.92,200,false
2002-08,2002,08,200208,0.65,4.85,7.46,1,4.86,7.28,0.86,5.51,9.16,3.32,10.56,1.01,3.01,1,6.21,0.82,6,18,17.84,9.66,200,false
2002-09,2002,09,200209,0.72,5.6,7.93,0.62,5.51,7.54,0.83,6.39,9.58,3.84,14.4,0.76,3.77,0.71,6.92,0.68,6.68,18,17.89,9.23,200,false
2002-10,2002,10,200210,1.31,6.98,8.45,0.9,6.46,8.1,1.57,8.06,10.26,6.02,20.42,1.28,5.05,1.13,8.05,0.82,7.5,21,19.59,10.27,200,false
2002-11,2002,11,200211,3.02,10.22,10.93,2.08,8.67,9.27,3.39,11.72,12.55,7.45,27.87,2.65,7.7,2.45,10.5,2.19,9.69,22,21.25,9.3,200,false
2002-12,2002,12,200212,2.1,12.53,12.53,3.05,11.99,11.99,2.7,14.74,14.74,3.14,31.01,1.83,9.53,1.7,12.2,2.13,11.82,25,23.03,9.33,200,true
2003-01,2003,01,200301,2.25,2.25,14.47,1.98,1.98,13.5,2.47,2.47,16.33,2.21,2.21,2.19,2.19,1.51,1.51,1.45,1.45,25.5,25.06,9.25,200,false
2003-02,2003,02,200302,1.57,3.86,15.85,2.19,4.21,15.48,1.46,3.97,17.66,1.71,3.92,1.61,3.8,1.39,2.9,1.6,3.05,26.5,25.68,8.49,200,false
2003-03,2003,03,200303,1.23,5.13,16.57,1.14,5.4,16.33,1.37,5.39,18.54,1.93,5.85,0.67,4.47,1.38,4.28,1.38,4.43,26.5,26.32,8.36,200,false
2003-04,2003,04,200304,0.97,6.15,16.77,1.14,6.6,16.74,1.38,6.84,19.36,0.07,5.92,0.57,5.04,0.9,5.18,0.81,5.24,26.5,26.32,8.18,240,false
2003-05,2003,05,200305,0.61,6.8,17.24,0.85,7.51,17.24,0.99,7.9,20.44,-1.68,4.24,0.31,5.35,2.84,8.02,2.98,8.22,26.5,26.31,7.74,240,false
2003-06,2003,06,200306,-0.15,6.64,16.57,0.22,7.75,17.12,-0.06,7.84,19.64,-1.16,3.08,-0.16,5.19,1.05,9.07,0.74,8.96,26,26.09,8.17,240,false
2003-07,2003,07,200307,0.2,6.85,15.43,-0.18,7.55,16.01,0.04,7.88,18.32,-0.59,2.49,-0.08,5.11,0.99,10.06,0.59,9.55,24.5,25.36,8.6,240,false
2003-08,2003,08,200308,0.34,7.22,15.07,0.27,7.84,15.17,0.18,8.08,17.53,0.7,3.19,0.63,5.74,1.44,11.5,2.2,11.75,22,23.5,7.33,240,false
2003-09,2003,09,200309,0.78,8.05,15.14,0.57,8.46,15.12,0.82,8.96,17.51,1.29,4.48,0.84,6.58,0.22,11.72,0.24,11.99,20,21.02,5.11,240,false
2003-10,2003,10,200310,0.29,8.37,13.98,0.66,9.17,14.84,0.39,9.39,16.15,0.5,4.98,0.63,7.21,0.65,12.37,0.47,12.46,19,19.54,4.88,240,false
2003-11,2003,11,200311,0.34,8.74,11.02,0.17,9.36,12.69,0.37,9.79,12.76,0.46,5.44,0.27,7.48,1.04,13.41,0.42,12.88,17.5,18.31,6.57,240,false
2003-12,2003,12,200312,0.52,9.3,9.3,0.46,9.86,9.86,0.54,10.38,10.38,0.74,6.18,0.42,7.9,0.16,13.57,0.99,13.87,16.5,16.91,6.96,240,true
2004-01,2004,01,200401,0.76,0.76,7.71,0.68,0.68,8.46,0.83,0.83,8.62,0.75,0.75,0.65,0.65,0.33,0.33,0.28,0.28,16.5,16.32,7.99,240,false
2004-02,2004,02,200402,0.61,1.37,6.69,0.9,1.59,7.09,0.39,1.22,7.47,1.42,2.17,0.19,0.84,1,1.33,0.48,0.76,16.5,16.3,9.01,240,false
2004-03,2004,03,200403,0.47,1.85,5.89,0.4,1.99,6.31,0.57,1.8,6.62,1.09,3.26,0.12,0.96,1.16,2.49,1.59,2.35,16.25,16.19,9.73,240,false
2004-04,2004,04,200404,0.37,2.23,5.26,0.21,2.21,5.33,0.41,2.22,5.6,1.57,4.83,0.29,1.25,0.59,3.08,0.6,2.95,16,15.96,10.17,240,false
2004-05,2004,05,200405,0.51,2.75,5.15,0.54,2.76,5.01,0.4,2.63,4.99,1.71,6.54,0.57,1.82,1.83,4.91,1.74,4.69,16,15.77,10.1,260,false
2004-06,2004,06,200406,0.71,3.48,6.06,0.56,3.33,5.36,0.5,3.14,5.57,1.57,8.11,0.92,2.74,0.7,5.61,0.56,5.25,16,15.8,9.18,260,false
2004-07,2004,07,200407,0.91,4.42,6.81,0.93,4.3,6.53,0.73,3.89,6.3,1.35,9.46,0.59,3.33,1.12,6.73,1.12,6.37,16,15.77,8.39,260,false
2004-08,2004,08,200408,0.69,5.14,7.18,0.79,5.12,7.09,0.5,4.41,6.64,1.59,11.05,0.99,4.32,0.81,7.54,0.9,7.27,16,15.86,8.1,260,false
2004-09,2004,09,200409,0.33,5.49,6.7,0.49,5.63,7,0.17,4.59,5.95,0.65,11.7,0.21,4.53,0.58,8.12,0.67,7.94,16.25,16.09,8.8,260,false
2004-10,2004,10,200410,0.44,5.95,6.86,0.32,5.97,6.64,0.17,4.77,5.72,0.61,12.31,0.62,5.15,1.19,9.31,0.95,8.89,16.75,16.41,8.94,260,false
2004-11,2004,11,200411,0.69,6.68,7.24,0.63,6.64,7.13,0.44,5.23,5.8,1,13.31,0.56,5.71,0.71,10.02,0.94,9.83,17.25,16.96,9.06,260,false
2004-12,2004,12,200412,0.86,7.6,7.6,0.84,7.54,7.54,0.86,6.13,6.13,0.48,13.79,0.67,6.38,0.51,10.53,0.61,10.44,17.75,17.5,9.2,260,true
2005-01,2005,01,200501,0.58,0.58,7.41,0.68,0.68,7.54,0.57,0.57,5.86,0.08,0.08,0.56,0.56,0.75,0.75,0.7,0.7,18.25,17.93,9.79,260,false
2005-02,2005,02,200502,0.59,1.17,7.39,0.74,1.43,7.36,0.44,1.01,5.91,0.39,0.47,0.36,0.92,0.44,1.19,0.42,1.12,18.75,18.47,10.32,260,false
2005-03,2005,03,200503,0.61,1.79,7.54,0.35,1.78,7.31,0.73,1.75,6.08,1.14,1.61,0.79,1.71,0.67,1.86,0.71,1.83,19.25,18.97,10.63,260,false
2005-04,2005,04,200504,0.87,2.68,8.07,0.74,2.53,7.88,0.91,2.68,6.61,0.33,1.94,0.83,2.54,0.72,2.58,0.38,2.21,19.5,19.32,10.41,260,false
2005-05,2005,05,200505,0.49,3.18,8.05,0.83,3.38,8.19,0.7,3.39,6.93,-0.98,0.96,0.35,2.89,2.09,4.67,0.54,2.75,19.75,19.61,10.7,300,false
2005-06,2005,06,200506,-0.02,3.16,7.27,0.12,3.51,7.72,-0.11,3.28,6.28,-0.78,0.18,-0.2,2.69,0.76,5.43,2.2,4.95,19.75,19.75,11.63,300,false
2005-07,2005,07,200507,0.25,3.42,6.57,0.11,3.62,6.84,0.03,3.31,5.54,-0.69,-0.51,0.3,2.99,0.11,5.54,0.65,5.6,19.75,19.72,12.34,300,false
2005-08,2005,08,200508,0.17,3.59,6.02,0.28,3.91,6.3,0,3.31,5.01,-1.04,-1.55,-0.2,2.79,0.02,5.56,0.05,5.65,19.75,19.75,12.95,300,false
2005-09,2005,09,200509,0.35,3.95,6.04,0.16,4.08,5.95,0.15,3.47,4.99,-0.28,-1.83,0.44,3.23,0.24,5.8,0.06,5.71,19.5,19.61,12.8,300,false
2005-10,2005,10,200510,0.75,4.73,6.36,0.56,4.66,6.21,0.58,4.07,5.42,0.79,-1.04,0.63,3.86,0.19,5.99,0.28,5.99,19,19.25,12.12,300,false
2005-11,2005,11,200511,0.55,5.31,6.22,0.78,5.48,6.36,0.54,4.63,5.53,0.24,-0.8,0.29,4.15,0.28,6.27,0.29,6.28,18.5,18.87,11.91,300,false
2005-12,2005,12,200512,0.36,5.69,5.69,0.38,5.88,5.88,0.4,5.05,5.05,-0.14,-0.94,0.29,4.44,0.37,6.64,0.38,6.66,18,18.24,11.87,300,true
2006-01,2006,01,200601,0.59,0.59,5.7,0.51,0.51,5.7,0.38,0.38,4.85,0.81,0.81,0.5,0.5,0.34,0.34,0.24,0.24,17.25,17.65,11.31,300,false
2006-02,2006,02,200602,0.41,1,5.51,0.52,1.03,5.47,0.23,0.61,4.63,-0.12,0.69,-0.03,0.47,0.19,0.53,0.28,0.52,17.25,17.28,11.16,300,false
2006-03,2006,03,200603,0.43,1.44,5.32,0.37,1.41,5.49,0.27,0.88,4.15,-0.82,-0.13,0.14,0.61,0.2,0.73,0.23,0.75,16.5,16.74,10.84,300,false
2006-04,2006,04,200604,0.21,1.65,4.63,0.17,1.58,4.89,0.12,1,3.34,-0.15,-0.28,0.01,0.62,0.36,1.09,0.21,0.96,15.75,16.19,11.05,350,false
2006-05,2006,05,200605,0.1,1.75,4.23,0.27,1.85,4.31,0.13,1.13,2.75,0.46,0.18,-0.22,0.4,1.32,2.41,0.81,1.77,15.25,15.7,11,350,false
2006-06,2006,06,200606,-0.21,1.54,4.03,-0.15,1.7,4.03,-0.07,1.06,2.79,1.06,1.24,-0.31,0.09,0.9,3.31,1.45,3.22,15.25,15.18,10.72,350,false
2006-07,2006,07,200607,0.19,1.73,3.97,-0.02,1.68,3.89,0.11,1.18,2.87,0.17,1.41,0.21,0.3,0.47,3.78,0.57,3.79,14.75,14.98,10.59,350,false
2006-08,2006,08,200608,0.05,1.78,3.84,0.19,1.87,3.8,-0.02,1.16,2.85,0.53,1.94,0.12,0.42,0.24,4.02,0.35,4.14,14.25,14.66,10.42,350,false
2006-09,2006,09,200609,0.21,2,3.7,0.05,1.92,3.69,0.16,1.32,2.86,0.28,2.22,0.25,0.67,0.11,4.13,0.09,4.23,14.25,14.17,10.1,350,false
2006-10,2006,10,200610,0.33,2.33,3.26,0.29,2.22,3.41,0.43,1.75,2.71,1.16,3.38,0.39,1.06,0.21,4.34,0.18,4.41,13.75,13.95,10.35,350,false
2006-11,2006,11,200611,0.31,2.65,3.02,0.37,2.6,2.99,0.42,2.18,2.59,0.75,4.13,0.42,1.48,0.23,4.57,0.23,4.64,13.25,13.65,10.32,350,false
2006-12,2006,12,200612,0.48,3.14,3.14,0.35,2.96,2.96,0.62,2.81,2.81,0.11,4.24,1.04,2.52,0.36,4.93,0.3,4.94,13.25,13.19,9.74,350,true
2007-01,2007,01,200701,0.44,0.44,2.99,0.52,0.52,2.97,0.49,0.49,2.93,0.32,0.32,0.66,0.66,0.45,0.45,0.45,0.45,13,13.13,9.85,350,false
2007-02,2007,02,200702,0.44,0.88,3.02,0.46,0.98,2.91,0.42,0.91,3.12,0.19,0.51,0.33,0.99,0.21,0.66,0.26,0.71,13,12.93,9.62,350,false
2007-03,2007,03,200703,0.37,1.26,2.96,0.41,1.4,2.95,0.44,1.36,3.3,0.11,0.62,0.11,1.1,0.27,0.93,0.17,0.88,12.75,12.74,9.5,350,false
2007-04,2007,04,200704,0.25,1.51,3,0.22,1.62,3,0.26,1.62,3.44,0.02,0.64,0.33,1.43,0.46,1.39,0.43,1.31,12.5,12.58,9.3,380,false
2007-05,2007,05,200705,0.28,1.79,3.18,0.26,1.88,2.99,0.26,1.88,3.57,-0.04,0.6,0.36,1.79,1.15,2.54,0.55,1.86,12.5,12.43,8.96,380,false
2007-06,2007,06,200706,0.28,2.08,3.69,0.29,2.18,3.44,0.31,2.2,3.97,0.09,0.69,0.55,2.34,0.92,3.46,1.67,3.53,12,12.03,8.04,380,false
2007-07,2007,07,200707,0.24,2.32,3.74,0.24,2.42,3.71,0.32,2.53,4.19,0.42,1.11,0.27,2.61,0.31,3.77,0.21,3.74,11.5,11.73,7.7,380,false
2007-08,2007,08,200708,0.47,2.8,4.18,0.42,2.85,3.95,0.59,3.13,4.82,1.96,3.07,0.07,2.68,0.26,4.03,0.35,4.09,11.5,11.43,6.96,380,false
2007-09,2007,09,200709,0.18,2.99,4.15,0.29,3.15,4.2,0.25,3.39,4.92,1.64,4.71,0.24,2.92,0.51,4.54,0.39,4.48,11.25,11.22,6.79,380,false
2007-10,2007,10,200710,0.3,3.3,4.12,0.24,3.4,4.15,0.3,3.7,4.78,1.02,5.73,0.08,3,0.51,5.05,0.49,4.97,11.25,11.18,6.78,380,false
2007-11,2007,11,200711,0.38,3.69,4.19,0.23,3.64,4,0.43,4.15,4.79,1.45,7.18,0.47,3.47,0.36,5.41,0.48,5.45,11.25,11.18,6.71,380,false
2007-12,2007,12,200712,0.74,4.46,4.46,0.7,4.36,4.36,0.97,5.16,5.16,1.9,9.08,0.82,4.29,0.59,6,0.43,5.88,11.25,11.18,6.43,380,true
2008-01,2008,01,200801,0.54,0.54,4.56,0.7,0.7,4.55,0.69,0.69,5.36,1.08,1.08,0.52,0.52,0.38,0.38,0.41,0.41,11.25,11.18,6.33,380,false
2008-02,2008,02,200802,0.49,1.03,4.61,0.64,1.34,4.74,0.48,1.17,5.43,0.52,1.6,0.19,0.71,0.4,0.78,0.43,0.84,11.25,11.18,6.28,380,false
2008-03,2008,03,200803,0.48,1.52,4.73,0.23,1.58,4.55,0.51,1.69,5.5,0.8,2.4,0.31,1.02,0.66,1.44,0.59,1.43,11.25,11.18,6.16,415,false
2008-04,2008,04,200804,0.55,2.08,5.04,0.59,2.18,4.94,0.64,2.34,5.9,1.3,3.7,0.54,1.56,0.87,2.31,0.82,2.25,11.75,11.37,6.03,415,false
2008-05,2008,05,200805,0.79,2.88,5.58,0.56,2.75,5.25,0.96,3.32,6.64,2.22,5.92,1.23,2.79,2.02,4.33,1.1,3.35,11.75,11.63,5.73,415,false
2008-06,2008,06,200806,0.74,3.64,6.06,0.9,3.67,5.89,0.91,4.26,7.28,2.29,8.21,0.96,3.75,1.92,6.25,2.67,6.02,12.25,12.09,5.69,415,false
2008-07,2008,07,200807,0.53,4.19,6.37,0.63,4.33,6.3,0.58,4.87,7.56,1.28,9.49,0.45,4.2,1.46,7.71,1.42,7.44,13,12.36,5.63,415,false
2008-08,2008,08,200808,0.28,4.48,6.17,0.35,4.69,6.23,0.21,5.09,7.15,-0.8,8.69,0.38,4.58,1.18,8.89,1.27,8.71,13,12.92,6.36,415,false
2008-09,2008,09,200809,0.26,4.76,6.25,0.26,4.96,6.2,0.15,5.25,7.04,0.44,9.13,0.38,4.96,0.95,9.84,0.95,9.66,13.75,13.39,6.72,415,false
2008-10,2008,10,200810,0.45,5.23,6.41,0.3,5.28,6.26,0.5,5.75,7.26,1.36,10.49,0.5,5.46,0.77,10.61,0.85,10.51,13.75,13.66,6.81,415,false
2008-11,2008,11,200811,0.36,5.61,6.39,0.49,5.79,6.54,0.38,6.17,7.2,-0.17,10.32,0.39,5.85,0.5,11.11,0.65,11.16,13.75,13.64,6.81,415,false
2008-12,2008,12,200812,0.28,5.9,5.9,0.29,6.1,6.1,0.29,6.48,6.48,-0.88,9.44,0.16,6.01,0.17,11.28,0.22,11.38,13.75,13.66,7.33,415,true
2009-01,2009,01,200901,0.48,0.48,5.84,0.4,0.4,5.79,0.64,0.64,6.43,-0.33,-0.33,0.46,0.46,0.33,0.33,0.26,0.26,12.75,13.32,7.07,415,false
2009-02,2009,02,200902,0.55,1.03,5.9,0.63,1.03,5.77,0.31,0.95,6.25,-0.31,-0.64,0.27,0.73,0.27,0.6,0.35,0.61,12.75,12.66,6.38,465,false
2009-03,2009,03,200903,0.2,1.23,5.61,0.11,1.14,5.65,0.2,1.15,5.92,-1.46,-2.1,0.4,1.13,-0.25,0.35,0,0,11.25,11.7,5.77,465,false
2009-04,2009,04,200904,0.48,1.72,5.53,0.36,1.51,5.4,0.55,1.71,5.83,-0.1,-2.2,0.31,1.44,-0.04,0.31,0,0,10.25,11.11,5.29,465,false
2009-05,2009,05,200905,0.47,2.2,5.2,0.59,2.1,5.44,0.6,2.32,5.45,-0.1,-2.3,0.33,1.77,1.39,1.7,0.25,0.86,10.25,10.16,4.71,465,false
2009-06,2009,06,200906,0.36,2.57,4.8,0.38,2.49,4.89,0.42,2.75,4.94,-0.64,-2.94,0.13,1.9,0.7,2.4,1.53,2.39,9.25,9.54,4.52,465,false
2009-07,2009,07,200907,0.24,2.81,4.5,0.22,2.72,4.47,0.23,2.99,4.57,-1.16,-4.1,0.33,2.23,0.26,2.66,0.37,2.76,8.75,9.01,4.32,465,false
2009-08,2009,08,200908,0.15,2.97,4.36,0.23,2.95,4.34,0.08,3.07,4.44,0.07,-4.03,0.48,2.71,-0.05,2.61,0.01,2.77,8.75,8.65,4.11,465,false
2009-09,2009,09,200909,0.24,3.21,4.34,0.19,3.15,4.27,0.16,3.24,4.45,0.29,-3.74,0.16,2.87,0.15,2.76,0.07,2.84,8.75,8.65,4.13,465,false
2009-10,2009,10,200910,0.28,3.5,4.17,0.18,3.34,4.14,0.24,3.48,4.18,-0.08,-3.82,0.25,3.12,0.06,2.82,0.13,2.97,8.75,8.65,4.3,465,false
2009-11,2009,11,200911,0.41,3.93,4.22,0.44,3.79,4.09,0.37,3.86,4.17,-0.04,-3.86,0.29,3.41,0.29,3.11,0.18,3.15,8.75,8.65,4.25,465,false
2009-12,2009,12,200912,0.37,4.31,4.31,0.38,4.18,4.18,0.24,4.11,4.11,-0.29,-4.15,0.18,3.59,0.1,3.21,0.2,3.35,8.75,8.65,4.16,465,true
2010-01,2010,01,201001,0.75,0.75,4.59,0.52,0.52,4.31,0.88,0.88,4.36,0.96,0.96,1.34,1.34,0.64,0.64,0.52,0.52,8.75,8.65,3.88,510,false
2010-02,2010,02,201002,0.78,1.54,4.83,0.94,1.46,4.63,0.7,1.59,4.77,1.38,2.34,0.74,2.08,0.36,1,0.35,0.87,8.75,8.65,3.64,510,false
2010-03,2010,03,201003,0.52,2.06,5.17,0.55,2.02,5.09,0.71,2.31,5.3,0.52,2.86,0.34,2.42,0.75,1.75,0.45,1.32,8.75,8.65,3.31,510,false
2010-04,2010,04,201004,0.57,2.65,5.26,0.48,2.51,5.22,0.73,3.05,5.49,0.68,3.54,0.39,2.81,0.84,2.59,1.17,2.49,9.5,8.72,3.29,510,false
2010-05,2010,05,201005,0.43,3.09,5.22,0.63,3.16,5.26,0.43,3.5,5.31,2.06,5.6,0.22,3.03,1.81,4.4,0.93,3.42,9.5,9.4,3.97,510,false
2010-06,2010,06,201006,0,3.09,4.84,0.19,3.35,5.06,-0.11,3.38,4.76,0.43,6.03,0.04,3.07,1.09,5.49,1.77,5.19,10.25,9.94,4.86,510,false
2010-07,2010,07,201007,0.01,3.1,4.6,-0.09,3.26,4.74,-0.07,3.31,4.44,0.34,6.37,0.17,3.24,0.44,5.93,0.62,5.81,10.75,10.32,5.47,510,false
2010-08,2010,08,201008,0.04,3.14,4.49,-0.05,3.21,4.44,-0.07,3.24,4.29,1.7,8.07,0.17,3.41,0.14,6.07,0.22,6.03,10.75,10.66,5.9,510,false
2010-09,2010,09,201009,0.45,3.6,4.7,0.31,3.53,4.57,0.54,3.79,4.68,1.47,9.54,0.53,3.94,0.21,6.28,0.2,6.23,10.75,10.66,5.69,510,false
2010-10,2010,10,201010,0.75,4.38,5.2,0.62,4.17,5.03,0.92,4.75,5.39,1.32,10.86,1.04,4.98,0.2,6.48,0.15,6.38,10.75,10.66,5.19,510,false
2010-11,2010,11,201011,0.83,5.25,5.63,0.86,5.07,5.47,1.03,5.83,6.08,1.98,12.84,0.72,5.7,0.37,6.85,0.36,6.74,10.75,10.66,4.76,510,false
2010-12,2010,12,201012,0.63,5.91,5.91,0.69,5.79,5.79,0.6,6.46,6.47,0.21,13.05,0.54,6.24,0.67,7.52,0.59,7.33,10.75,10.66,4.48,510,true
2011-01,2011,01,201101,0.83,0.83,5.99,0.76,0.76,6.04,0.94,0.94,6.53,0.96,0.96,1.15,1.15,0.41,0.41,0.37,0.37,11.25,10.85,4.59,540,false
2011-02,2011,02,201102,0.8,1.64,6.01,0.97,1.74,6.08,0.54,1.48,6.36,1.23,2.19,0.6,1.75,0.28,0.69,0.39,0.76,11.25,11.17,4.87,540,false
2011-03,2011,03,201103,0.79,2.44,6.3,0.6,2.35,6.13,0.66,2.15,6.31,0.6,2.79,0.35,2.1,0.43,1.12,0.44,1.2,11.75,11.62,5,545,false
2011-04,2011,04,201104,0.77,3.23,6.51,0.77,3.14,6.44,0.72,2.89,6.3,0.24,3.03,0.7,2.8,1.06,2.18,0.75,1.95,12,11.74,4.91,545,false
2011-05,2011,05,201105,0.47,3.71,6.55,0.7,3.86,6.51,0.57,3.48,6.44,-0.63,2.4,0.31,3.11,2.94,5.12,2.03,3.98,12,11.92,5.04,545,false
2011-06,2011,06,201106,0.15,3.87,6.71,0.23,4.1,6.55,0.22,3.7,6.8,-0.19,2.21,0.01,3.12,0.37,5.49,1.43,5.41,12.25,12.1,5.05,545,false
2011-07,2011,07,201107,0.16,4.04,6.87,0.1,4.2,6.75,0,3.7,6.87,-0.13,2.08,0.3,3.42,0.45,5.94,0.59,6,12.5,12.25,5.03,545,false
2011-08,2011,08,201108,0.37,4.42,7.23,0.27,4.48,7.1,0.42,4.14,7.4,0.77,2.85,0.39,3.81,0.13,6.07,0.16,6.16,12,12.42,4.84,545,false
2011-09,2011,09,201109,0.53,4.97,7.31,0.53,5.04,7.33,0.45,4.61,7.3,0.94,3.79,0.25,4.06,0.14,6.21,0.14,6.3,12,11.91,4.29,545,false
2011-10,2011,10,201110,0.43,5.43,6.97,0.42,5.48,7.12,0.32,4.94,6.66,0.48,4.27,0.39,4.45,0.23,6.44,0.2,6.5,11.5,11.7,4.42,545,false
2011-11,2011,11,201111,0.52,5.97,6.64,0.46,5.96,6.69,0.57,5.54,6.18,0.34,4.61,0.6,5.05,0.72,7.16,0.5,7,11,11.4,4.46,545,false
2011-12,2011,12,201112,0.5,6.5,6.5,0.56,6.56,6.56,0.51,6.08,6.08,-0.55,4.06,0.61,5.66,0.11,7.27,0.35,7.35,11,10.9,4.13,545,true
2012-01,2012,01,201201,0.56,0.56,6.22,0.65,0.65,6.44,0.51,0.51,5.63,0.01,0.01,0.66,0.66,0.89,0.89,0.67,0.67,10.5,10.7,4.22,622,false
2012-02,2012,02,201202,0.45,1.01,5.84,0.53,1.18,5.98,0.39,0.9,5.47,-0.03,-0.02,-0.07,0.59,0.3,1.19,0.42,1.09,10.5,10.4,4.31,622,false
2012-03,2012,03,201203,0.21,1.22,5.24,0.25,1.44,5.61,0.18,1.08,4.97,0.55,0.53,0.15,0.74,0.51,1.7,0.37,1.46,9.75,9.82,4.35,622,false
2012-04,2012,04,201204,0.64,1.87,5.1,0.43,1.87,5.25,0.64,1.73,4.88,1.25,1.78,0.47,1.21,0.75,2.45,0.83,2.29,9,9.35,4.04,622,false
2012-05,2012,05,201205,0.36,2.24,4.99,0.51,2.39,5.05,0.55,2.29,4.86,0.91,2.69,0.35,1.56,1.88,4.33,1.3,3.59,8.5,8.87,3.7,622,false
2012-06,2012,06,201206,0.08,2.32,4.92,0.18,2.58,5,0.26,2.56,4.9,0.89,3.58,0.23,1.79,0.73,5.06,1.31,4.9,8.5,8.39,3.31,622,false
2012-07,2012,07,201207,0.43,2.76,5.2,0.33,2.91,5.24,0.43,3,5.36,2.13,5.71,0.13,1.92,0.67,5.73,0.85,5.75,8,8.07,2.73,622,false
2012-08,2012,08,201208,0.41,3.18,5.24,0.39,3.32,5.35,0.45,3.46,5.39,1.77,7.48,0.27,2.19,0.26,5.99,0.32,6.07,7.5,7.85,2.48,622,false
2012-09,2012,09,201209,0.57,3.77,5.28,0.48,3.81,5.31,0.63,4.11,5.58,1.11,8.59,0.55,2.74,0.22,6.21,0.21,6.28,7.5,7.39,2,622,false
2012-10,2012,10,201210,0.59,4.38,5.45,0.65,4.49,5.56,0.71,4.85,5.99,-0.68,7.91,0.8,3.54,0.21,6.42,0.24,6.52,7.25,7.23,1.69,622,false
2012-11,2012,11,201211,0.6,5.01,5.53,0.54,5.05,5.64,0.54,5.42,5.95,0.16,8.07,0.68,4.22,0.33,6.75,0.23,6.75,7.25,7.14,1.53,622,false
2012-12,2012,12,201212,0.79,5.84,5.84,0.69,5.78,5.78,0.74,6.2,6.2,0.74,8.81,0.78,5,0.16,6.91,0.29,7.04,7.25,7.16,1.25,622,true
2013-01,2013,01,201301,0.86,0.86,6.15,0.88,0.88,6.02,0.92,0.92,6.63,0,0,1.15,1.15,0.65,0.65,0.39,0.39,7.25,7.11,0.9,678,false
2013-02,2013,02,201302,0.6,1.47,6.31,0.68,1.57,6.18,0.52,1.44,6.77,0.09,0.09,0.22,1.37,0.6,1.25,0.8,1.19,7.25,7.12,0.76,678,false
2013-03,2013,03,201303,0.47,1.94,6.59,0.49,2.06,6.43,0.6,2.05,7.22,0.12,0.21,-0.17,1.2,0.5,1.75,0.28,1.47,7.25,7.15,0.53,678,false
2013-04,2013,04,201304,0.55,2.5,6.49,0.51,2.58,6.51,0.59,2.66,7.16,-0.39,-0.18,0.28,1.48,0.74,2.49,0.84,2.31,7.5,7.26,0.72,678,false
2013-05,2013,05,201305,0.37,2.88,6.5,0.46,3.06,6.46,0.35,3.02,6.95,0.01,-0.17,0.1,1.58,2.25,4.74,1.24,3.55,8,7.42,0.86,678,false
2013-06,2013,06,201306,0.26,3.15,6.7,0.38,3.45,6.67,0.28,3.3,6.97,0.85,0.68,0.32,1.9,1.15,5.89,1.96,5.51,8,7.9,1.12,678,false
2013-07,2013,07,201307,0.03,3.18,6.27,0.07,3.52,6.4,-0.13,3.17,6.38,0.2,0.88,-0.13,1.77,0.48,6.37,0.73,6.24,8.5,8.23,1.84,678,false
2013-08,2013,08,201308,0.24,3.43,6.09,0.16,3.69,6.15,0.16,3.33,6.07,0.58,1.46,0.22,1.99,0.31,6.68,0.31,6.55,9,8.45,2.22,678,false
2013-09,2013,09,201309,0.35,3.79,5.86,0.27,3.97,5.93,0.27,3.61,5.69,1.9,3.36,0.25,2.24,0.43,7.11,0.43,6.98,9,8.9,2.87,678,false
2013-10,2013,10,201310,0.57,4.38,5.84,0.48,4.46,5.75,0.61,4.25,5.58,0.71,4.07,0.48,2.72,0.26,7.37,0.33,7.31,9.5,9.25,3.22,678,false
2013-11,2013,11,201311,0.54,4.95,5.77,0.57,5.06,5.78,0.54,4.81,5.58,0.12,4.19,0.46,3.18,0.35,7.72,0.27,7.58,10,9.45,3.48,678,false
2013-12,2013,12,201312,0.92,5.91,5.91,0.75,5.85,5.85,0.72,5.56,5.56,0.78,4.97,0.65,3.83,0.1,7.82,0.22,7.8,10,9.9,3.77,678,true
2014-01,2014,01,201401,0.55,0.55,5.59,0.67,0.67,5.63,0.63,0.63,5.26,0.12,0.12,0.94,0.94,0.88,0.88,0.7,0.7,10.5,10.17,4.34,724,false
2014-02,2014,02,201402,0.69,1.24,5.68,0.7,1.37,5.65,0.64,1.27,5.39,1,1.12,0.52,1.46,0.33,1.21,0.44,1.14,10.75,10.43,4.49,724,false
2014-03,2014,03,201403,0.92,2.18,6.15,0.73,2.11,5.9,0.82,2.1,5.62,1.91,3.03,0.74,2.2,0.28,1.49,0.22,1.36,10.75,10.65,4.24,724,false
2014-04,2014,04,201404,0.67,2.86,6.28,0.78,2.91,6.19,0.78,2.9,5.82,0.27,3.3,0.53,2.73,0.88,2.37,0.67,2.03,11,10.87,4.32,724,false
2014-05,2014,05,201405,0.46,3.33,6.37,0.58,3.51,6.31,0.6,3.52,6.08,-1.21,2.09,0.25,2.98,2.05,4.42,1.37,3.4,11,10.9,4.26,724,false
2014-06,2014,06,201406,0.4,3.75,6.52,0.47,3.99,6.41,0.26,3.79,6.06,-1.21,0.88,0.04,3.02,0.66,5.08,1.25,4.65,11,10.9,4.11,724,false
2014-07,2014,07,201407,0.01,3.76,6.5,0.17,4.17,6.51,0.13,3.92,6.33,-1.01,-0.13,0.16,3.18,0.75,5.83,0.8,5.45,11,10.9,4.13,724,false
2014-08,2014,08,201408,0.25,4.02,6.51,0.14,4.32,6.49,0.18,4.11,6.35,0.04,-0.09,0.34,3.52,0.08,5.91,0.19,5.64,11,10.9,4.12,724,false
2014-09,2014,09,201409,0.57,4.61,6.75,0.39,4.72,6.62,0.49,4.62,6.59,-0.18,-0.27,0.21,3.73,0.15,6.06,0.16,5.8,11,10.9,3.89,724,false
2014-10,2014,10,201410,0.42,5.05,6.59,0.48,5.23,6.62,0.38,5.02,6.34,0.73,0.46,0.37,4.1,0.17,6.23,0.2,6,11.25,10.92,4.06,724,false
2014-11,2014,11,201411,0.51,5.58,6.56,0.38,5.63,6.42,0.53,5.57,6.33,1.44,1.9,0.69,4.79,0.44,6.67,0.3,6.3,11.25,11.15,4.31,724,false
2014-12,2014,12,201412,0.78,6.41,6.41,0.79,6.46,6.46,0.62,6.23,6.23,0.3,2.2,0.3,5.09,0.08,6.75,0.25,6.55,11.75,11.58,4.86,724,true
2015-01,2015,01,201501,1.24,1.24,7.14,0.89,0.89,6.69,1.48,1.48,7.13,0.23,0.23,1.62,1.62,0.92,0.92,0.7,0.7,12.25,11.82,4.37,788,false
2015-02,2015,02,201502,1.22,2.48,7.7,1.33,2.23,7.36,1.16,2.66,7.68,0.41,0.64,1.22,2.84,0.31,1.23,0.5,1.2,12.25,12.15,4.13,788,false
2015-03,2015,03,201503,1.32,3.83,8.13,1.24,3.5,7.9,1.51,4.21,8.42,1.24,1.88,0.7,3.54,0.62,1.85,0.36,1.56,12.75,12.58,4.12,788,false
2015-04,2015,04,201504,0.71,4.56,8.17,1.07,4.61,8.22,0.71,4.95,8.34,0.61,2.49,1.1,4.64,0.46,2.31,0.65,2.21,13.25,12.68,4.17,788,false
2015-05,2015,05,201505,0.74,5.34,8.47,0.6,5.23,8.24,0.99,5.99,8.76,0.19,2.68,0.62,5.26,0.95,3.26,0.45,2.66,13.25,13.15,4.31,788,false
2015-06,2015,06,201506,0.79,6.17,8.89,0.99,6.28,8.8,0.77,6.8,9.31,0.43,3.11,0.47,5.73,1.84,5.1,1.87,4.53,13.75,13.58,4.31,788,false
2015-07,2015,07,201507,0.62,6.83,9.56,0.59,6.9,9.25,0.58,7.42,9.81,0.7,3.81,0.85,6.58,0.55,5.65,0.66,5.19,14.25,13.69,3.77,788,false
2015-08,2015,08,201508,0.22,7.06,9.53,0.43,7.36,9.57,0.25,7.69,9.88,0.44,4.25,0.56,7.14,0.59,6.24,0.8,5.99,14.25,14.15,4.22,788,false
2015-09,2015,09,201509,0.54,7.64,9.49,0.39,7.78,9.57,0.51,8.24,9.9,2.02,6.27,0.66,7.8,0.22,6.46,0.22,6.21,14.25,14.15,4.26,788,false
2015-10,2015,10,201510,0.82,8.52,9.93,0.66,8.49,9.77,0.77,9.07,10.33,2.38,8.65,0.88,8.68,0.36,6.82,0.27,6.48,14.25,14.15,3.84,788,false
2015-11,2015,11,201511,1.01,9.62,10.48,0.85,9.42,10.28,1.11,10.28,10.97,1.41,10.06,1.06,9.74,0.34,7.16,0.4,6.88,14.25,14.15,3.32,788,false
2015-12,2015,12,201512,0.96,10.67,10.67,1.18,10.71,10.71,0.9,11.28,11.28,0.33,10.39,0.82,10.56,0.1,7.26,0.12,7,14.25,14.15,3.14,788,true
2016-01,2016,01,201601,1.27,1.27,10.71,0.92,0.92,10.74,1.51,1.51,11.31,1.63,1.63,1.37,1.37,0.39,0.39,0.32,0.32,14.25,14.15,3.11,880,false
2016-02,2016,02,201602,0.9,2.18,10.36,1.42,2.35,10.84,0.95,2.47,11.08,0.84,2.47,0.89,2.26,0.54,0.93,0.52,0.84,14.25,14.15,3.43,880,false
2016-03,2016,03,201603,0.43,2.62,9.39,0.43,2.79,9.95,0.44,2.93,9.91,0.37,2.84,0.97,3.23,0.64,1.57,0.79,1.63,14.25,14.15,4.35,880,false
2016-04,2016,04,201604,0.61,3.25,9.28,0.51,3.32,9.34,0.64,3.58,9.83,0.29,3.13,0.46,3.69,0.55,2.12,0.41,2.04,14.25,14.15,4.46,880,false
2016-05,2016,05,201605,0.78,4.05,9.32,0.86,4.21,9.62,0.98,4.6,9.82,1.49,4.62,0.57,4.26,0.08,2.2,0.19,2.23,14.25,14.15,4.42,880,false
2016-06,2016,06,201606,0.35,4.42,8.84,0.4,4.62,8.98,0.47,5.09,9.49,2.1,6.72,0.65,4.91,1.93,4.13,1.52,3.75,14.25,14.15,4.88,880,false
2016-07,2016,07,201607,0.52,4.96,8.74,0.54,5.19,8.93,0.64,5.76,9.56,-0.81,5.91,0.35,5.26,0.49,4.62,1.09,4.84,14.25,14.15,4.98,880,false
2016-08,2016,08,201608,0.44,5.42,8.97,0.45,5.66,8.95,0.31,6.09,9.62,0.5,6.41,0.11,5.37,0.29,4.91,0.26,5.1,14.25,14.15,4.75,880,false
2016-09,2016,09,201609,0.08,5.51,8.48,0.23,5.9,8.78,0.08,6.18,9.15,-0.03,6.38,-0.14,5.23,0.33,5.24,0.37,5.47,14.25,14.15,5.23,880,false
2016-10,2016,10,201610,0.26,5.78,7.87,0.19,6.11,8.27,0.17,6.36,8.5,0.04,6.42,0.27,5.5,0.21,5.45,0.17,5.64,14,14.05,5.73,880,false
2016-11,2016,11,201611,0.18,5.97,6.99,0.26,6.38,7.64,0.07,6.43,7.39,-0.01,6.41,0.15,5.65,0.16,5.61,0.17,5.81,13.75,13.9,6.46,880,false
2016-12,2016,12,201612,0.3,6.29,6.29,0.19,6.58,6.58,0.14,6.58,6.58,1.1,7.51,0.72,6.37,0.35,5.96,0.36,6.17,13.75,13.65,6.92,880,true
2017-01,2017,01,201701,0.38,0.38,5.35,0.31,0.31,5.94,0.42,0.42,5.44,0.34,0.34,0.32,0.32,0.41,0.41,0.29,0.29,13,13.17,7.42,937,false
2017-02,2017,02,201702,0.33,0.71,4.76,0.54,0.85,5.02,0.24,0.66,4.69,-0.12,0.22,-0.08,0.24,0.65,1.06,0.53,0.82,12.25,12.82,7.69,937,false
2017-03,2017,03,201703,0.25,0.96,4.57,0.15,1,4.73,0.32,0.98,4.57,-0.78,-0.56,0.14,0.38,0.16,1.22,0.36,1.18,12.25,12.15,7.25,937,false
2017-04,2017,04,201704,0.14,1.1,4.08,0.21,1.22,4.41,0.08,1.06,3.99,-1.96,-2.52,0.61,0.99,-0.02,1.2,0,0,11.25,11.59,7.22,937,false
2017-05,2017,05,201705,0.31,1.42,3.6,0.24,1.46,3.77,0.36,1.43,3.35,-1.1,-3.62,-0.05,0.94,0.63,1.83,0.13,1.31,10.25,11.15,7.29,937,false
2017-06,2017,06,201706,-0.23,1.18,3,0.16,1.62,3.52,-0.3,1.12,2.56,-1.53,-5.15,0.05,0.99,0.93,2.76,1.36,2.67,10.25,10.15,6.94,937,false
2017-07,2017,07,201707,0.24,1.43,2.71,-0.18,1.44,2.78,0.17,1.3,2.08,-0.67,-5.82,-0.01,0.98,0.3,3.06,0.22,2.89,9.25,10.01,7.11,937,false
2017-08,2017,08,201708,0.19,1.62,2.46,0.35,1.79,2.68,-0.03,1.27,1.73,0.26,-5.56,0.1,1.08,0.36,3.42,0.4,3.29,9.25,9.15,6.53,937,false
2017-09,2017,09,201709,0.16,1.78,2.54,0.11,1.9,2.56,-0.02,1.24,1.63,0.97,-4.59,0.02,1.1,0.06,3.48,0.14,3.43,8.25,8.35,5.67,937,false
2017-10,2017,10,201710,0.42,2.21,2.7,0.34,2.25,2.71,0.37,1.62,1.83,-0.03,-4.62,0.32,1.42,0.31,3.79,0.19,3.62,7.5,8.01,5.17,937,false
2017-11,2017,11,201711,0.28,2.5,2.8,0.32,2.58,2.77,0.18,1.8,1.95,1.06,-3.56,0.29,1.71,0.31,4.1,0.28,3.9,7.5,7.4,4.47,937,false
2017-12,2017,12,201712,0.44,2.95,2.95,0.35,2.94,2.94,0.26,2.07,2.07,1.07,-2.49,0.55,2.26,0.07,4.17,0.14,4.04,7,7,3.93,937,true
2018-01,2018,01,201801,0.29,0.29,2.86,0.39,0.39,3.02,0.23,0.23,1.87,0.58,0.58,0.46,0.46,0.31,0.31,0.28,0.28,7,6.9,3.93,954,false
2018-02,2018,02,201802,0.32,0.61,2.84,0.38,0.77,2.86,0.18,0.41,1.81,0.15,0.73,-0.42,0.04,0.13,0.44,0.14,0.42,6.75,6.72,3.77,954,false
2018-03,2018,03,201803,0.09,0.7,2.68,0.1,0.87,2.8,0.07,0.48,1.56,0.77,1.5,0,0.04,0.24,0.68,0.23,0.65,6.5,6.58,3.8,954,false
2018-04,2018,04,201804,0.22,0.92,2.76,0.21,1.08,2.8,0.21,0.69,1.69,1.26,2.76,-0.03,0.01,0.29,0.97,0.28,0.93,6.5,6.4,3.54,954,false
2018-05,2018,05,201805,0.4,1.33,2.86,0.14,1.23,2.7,0.43,1.12,1.76,2.35,5.11,0.19,0.2,0.23,1.2,0.3,1.23,6.5,6.4,3.44,954,false
2018-06,2018,06,201806,1.26,2.6,4.39,1.11,2.35,3.68,1.43,2.57,3.53,1.67,6.78,1.01,1.21,0.97,2.17,0.76,1.99,6.5,6.4,1.93,954,false
2018-07,2018,07,201807,0.33,2.94,4.48,0.64,3,4.53,0.25,2.83,3.61,0.52,7.3,0.23,1.44,0.61,2.78,0.72,2.71,6.5,6.4,1.84,954,false
2018-08,2018,08,201808,-0.09,2.85,4.19,0.13,3.14,4.3,0,2.83,3.64,0.99,8.29,0.41,1.85,0.15,2.93,0.3,3.01,6.5,6.4,2.12,954,false
2018-09,2018,09,201809,0.48,3.34,4.53,0.09,3.23,4.28,0.3,3.14,3.97,2.54,10.83,0.39,2.24,0.23,3.16,0.17,3.18,6.5,6.4,1.79,954,false
2018-10,2018,10,201810,0.45,3.81,4.56,0.58,3.83,4.53,0.4,3.55,4,0.17,11,0.48,2.72,0.35,3.51,0.33,3.51,6.5,6.4,1.76,954,false
2018-11,2018,11,201811,-0.21,3.59,4.05,0.19,4.03,4.39,-0.25,3.29,3.56,-1.17,9.83,0.15,2.87,0.13,3.64,0.26,3.77,6.5,6.4,2.26,954,false
2018-12,2018,12,201812,0.15,3.75,3.75,-0.16,3.86,3.86,0.14,3.43,3.43,-0.82,9.01,0.09,2.96,0.13,3.77,0.13,3.9,6.5,6.4,2.55,954,true
2019-01,2019,01,201901,0.32,0.32,3.78,0.3,0.3,3.77,0.36,0.36,3.57,-0.19,-0.19,0.58,0.58,0.49,0.49,0.4,0.4,6.5,6.4,2.52,998,false
2019-02,2019,02,201902,0.43,0.75,3.89,0.34,0.64,3.73,0.54,0.9,3.94,1.79,1.6,0.54,1.12,0.09,0.58,0.19,0.59,6.5,6.4,2.42,998,false
2019-03,2019,03,201903,0.75,1.51,4.58,0.54,1.18,4.18,0.77,1.68,4.67,1.35,2.95,0.51,1.63,0.31,0.89,0.19,0.78,6.5,6.4,1.74,998,false
2019-04,2019,04,201904,0.57,2.09,4.94,0.72,1.91,4.71,0.6,2.29,5.07,1.09,4.04,0.29,1.92,0.38,1.27,0.49,1.27,6.5,6.4,1.39,998,false
2019-05,2019,05,201905,0.13,2.22,4.66,0.35,2.27,4.93,0.15,2.44,4.78,0.52,4.56,-0.02,1.9,0.03,1.3,0.09,1.36,6.5,6.4,1.66,998,false
2019-06,2019,06,201906,0.01,2.23,3.37,0.06,2.33,3.84,0.01,2.45,3.31,0.83,5.39,0.15,2.05,0.88,2.18,0.44,1.8,6.5,6.4,2.93,998,false
2019-07,2019,07,201907,0.19,2.42,3.22,0.09,2.42,3.27,0.1,2.55,3.16,-0.22,5.17,0.14,2.19,0.58,2.76,0.91,2.71,6,6.4,3.08,998,false
2019-08,2019,08,201908,0.11,2.54,3.43,0.08,2.51,3.22,0.12,2.68,3.28,-0.9,4.27,0.33,2.52,0.42,3.18,0.34,3.05,6,5.9,2.39,998,false
2019-09,2019,09,201909,-0.04,2.49,2.89,0.09,2.6,3.22,-0.05,2.63,2.92,0.69,4.96,0,2.52,0.46,3.64,0.6,3.65,5.5,5.71,2.74,998,false
2019-10,2019,10,201910,0.1,2.6,2.54,0.09,2.69,2.72,0.04,2.67,2.55,0.84,5.8,0.16,2.68,0.18,3.82,0.12,3.77,5,5.38,2.77,998,false
2019-11,2019,11,201911,0.51,3.12,3.27,0.14,2.83,2.67,0.54,3.22,3.37,1.11,6.91,0.68,3.36,0.04,3.86,0.15,3.92,5,4.9,1.58,998,false
2019-12,2019,12,201912,1.15,4.31,4.31,1.05,3.91,3.91,1.22,4.48,4.48,2.34,9.25,0.94,4.3,0.21,4.07,0.14,4.06,4.5,4.59,0.27,998,true
2020-01,2020,01,202001,0.21,0.21,4.19,0.71,0.71,4.34,0.19,0.19,4.3,-0.13,-0.13,0.29,0.29,0.38,0.38,0.26,0.26,4.5,4.4,0.2,1039,false
2020-02,2020,02,202002,0.25,0.46,4.01,0.22,0.93,4.21,0.17,0.36,3.92,-0.03,-0.16,0.11,0.4,0.33,0.71,0.35,0.61,4.25,4.19,0.17,1045,false
2020-03,2020,03,202003,0.07,0.53,3.3,0.02,0.95,3.67,0.18,0.54,3.31,2.33,2.17,0.1,0.5,0.26,0.97,0.38,0.99,3.75,3.95,0.63,1045,false
2020-04,2020,04,202004,-0.31,0.22,2.4,-0.01,0.94,2.92,-0.23,0.31,2.46,0.11,2.28,-0.3,0.2,0.22,1.19,0.18,1.17,3.75,3.65,1.22,1045,false
2020-05,2020,05,202005,-0.38,-0.16,1.88,-0.59,0.35,1.96,-0.25,0.06,2.05,0.25,2.53,-0.24,-0.04,0.2,1.39,0.21,1.38,3,3.01,1.11,1045,false
2020-06,2020,06,202006,0.26,0.1,2.13,0.02,0.37,1.92,0.3,0.36,2.35,2.22,4.75,0.39,0.35,0.34,1.73,0.32,1.7,2.25,2.58,0.44,1045,false
2020-07,2020,07,202007,0.36,0.46,2.31,0.3,0.67,2.13,0.44,0.8,2.69,3.14,7.89,0.25,0.6,1.17,2.9,0.84,2.54,2.25,2.15,-0.16,1045,false
2020-08,2020,08,202008,0.24,0.7,2.44,0.23,0.9,2.28,0.36,1.16,2.94,5.44,13.33,0.78,1.38,0.72,3.62,0.82,3.36,2,1.94,-0.49,1045,false
2020-09,2020,09,202009,0.64,1.34,3.14,0.45,1.35,2.65,0.87,2.04,3.89,4.38,17.71,1.12,2.5,1.16,4.78,1.15,4.51,2,1.9,-1.2,1045,false
2020-10,2020,10,202010,0.86,2.22,3.92,0.94,2.31,3.52,0.89,2.95,4.77,4.86,22.57,1.19,3.69,1.73,6.51,1.69,6.2,2,1.9,-1.94,1045,false
2020-11,2020,11,202011,0.89,3.13,4.31,0.81,3.13,4.22,0.95,3.93,5.2,3.31,25.88,1.03,4.72,1.28,7.79,1.29,7.49,2,1.9,-2.31,1045,false
2020-12,2020,12,202012,1.35,4.52,4.52,1.06,4.23,4.23,1.46,5.45,5.45,0.68,26.56,0.79,5.51,0.7,8.49,0.88,8.37,2,1.9,-2.51,1045,true
2021-01,2021,01,202101,0.25,0.25,4.56,0.78,0.78,4.3,0.27,0.27,5.53,3.92,3.92,0.86,0.86,0.89,0.89,0.93,0.93,2,1.9,-2.54,1100,false
2021-02,2021,02,202102,0.86,1.11,5.2,0.48,1.26,4.57,0.82,1.09,6.22,3.4,7.32,0.23,1.09,1.89,2.78,1.07,2,2,1.9,-3.14,1100,false
2021-03,2021,03,202103,0.93,2.05,6.1,0.93,2.21,5.52,0.86,1.96,6.94,2.59,9.91,0.71,1.8,1.3,4.08,2,4,2.75,2.23,-3.65,1100,false
2021-04,2021,04,202104,0.31,2.37,6.76,0.6,2.82,6.17,0.38,2.35,7.59,2.9,12.81,0.44,2.24,0.9,4.98,0.95,4.95,2.75,2.65,-3.85,1100,false
2021-05,2021,05,202105,0.83,3.22,8.06,0.44,3.27,7.27,0.96,3.33,8.9,4.2,17.01,0.41,2.65,2.22,7.2,1.8,6.75,3.5,3.29,-4.41,1100,false
2021-06,2021,06,202106,0.53,3.77,8.35,0.83,4.13,8.13,0.6,3.95,9.22,-0.26,16.75,0.81,3.46,2.16,9.36,2.3,9.05,4.25,3.76,-4.24,1100,false
2021-07,2021,07,202107,0.96,4.76,8.99,0.72,4.88,8.59,1.02,5.01,9.85,1.65,18.4,1.02,4.48,0.85,10.21,1.24,10.29,4.25,4.15,-4.44,1100,false
2021-08,2021,08,202108,0.87,5.67,9.68,0.89,5.81,9.3,0.88,5.94,10.42,-0.42,17.98,1.44,5.92,0.46,10.67,0.56,10.85,5.25,5.01,-4.26,1100,false
2021-09,2021,09,202109,1.16,6.9,10.25,1.14,7.02,10.05,1.2,7.21,10.78,-1.17,16.81,1.13,7.05,0.51,11.18,0.56,11.41,6.25,5.43,-4.37,1100,false
2021-10,2021,10,202110,1.25,8.24,10.67,1.2,8.3,10.34,1.16,8.45,11.08,1.9,18.71,1,8.05,0.86,12.04,0.8,12.21,7.75,6.3,-3.95,1100,false
2021-11,2021,11,202111,0.95,9.26,10.74,1.17,9.57,10.73,0.84,9.36,10.96,-1.16,17.55,0.72,8.77,0.67,12.71,0.71,12.92,7.75,7.65,-2.79,1100,false
2021-12,2021,12,202112,0.73,10.06,10.06,0.78,10.42,10.42,0.73,10.16,10.16,1.54,19.09,0.57,9.34,0.35,13.06,0.3,13.22,9.25,8.76,-1.18,1100,true
2022-01,2022,01,202201,0.54,0.54,10.38,0.58,0.58,10.2,0.67,0.67,10.6,2.57,2.57,0.74,0.74,0.71,0.71,0.64,0.64,9.25,9.15,-1.11,1212,false
2022-02,2022,02,202202,1.01,1.56,10.54,0.99,1.58,10.76,1,1.68,10.8,1.94,4.51,0.9,1.64,0.38,1.09,0.48,1.12,10.75,10.49,-0.05,1212,false
2022-03,2022,03,202203,1.62,3.2,11.3,0.95,2.54,10.79,1.71,3.42,11.73,2.8,7.31,1.28,2.92,0.86,1.95,0.73,1.85,11.75,11.15,-0.13,1212,false
2022-04,2022,04,202204,1.06,4.29,12.13,1.73,4.31,12.03,1.04,4.49,12.47,0.19,7.5,1.62,4.54,0.95,2.9,0.87,2.72,11.75,11.65,-0.43,1212,false
2022-05,2022,05,202205,0.47,4.78,11.73,0.59,4.93,12.2,0.45,4.96,11.9,0.55,8.05,0.42,4.96,2.28,5.18,1.49,4.21,12.75,12.51,0.7,1212,false
2022-06,2022,06,202206,0.67,5.49,11.89,0.69,5.65,12.04,0.62,5.61,11.92,0.44,8.49,0.28,5.24,2.14,7.32,2.81,7.02,13.25,12.89,0.89,1212,false
2022-07,2022,07,202207,-0.68,4.77,10.07,0.13,5.79,11.39,-0.6,4.98,10.12,-0.32,8.17,0.16,5.4,0.86,8.18,1.16,8.18,13.25,13.15,2.8,1212,false
2022-08,2022,08,202208,-0.36,4.39,8.73,-0.73,5.02,9.6,-0.31,4.65,8.83,-0.63,7.54,0.12,5.52,0.09,8.27,0.33,8.51,13.75,13.58,4.46,1212,false
2022-09,2022,09,202209,-0.29,4.09,7.17,-0.37,4.63,7.96,-0.32,4.32,7.19,-1.68,5.86,0.12,5.64,0.09,8.36,0.1,8.61,13.75,13.65,6.05,1212,false
2022-10,2022,10,202210,0.59,4.7,6.47,0.16,4.8,6.85,0.47,4.81,6.46,-1.04,4.82,0.45,6.09,0.12,8.48,0.04,8.65,13.75,13.65,6.74,1212,false
2022-11,2022,11,202211,0.41,5.13,5.9,0.53,5.35,6.17,0.38,5.21,5.97,-0.43,4.39,0.47,6.56,0.36,8.84,0.14,8.79,13.75,13.65,7.32,1212,false
2022-12,2022,12,202212,0.62,5.79,5.79,0.52,5.9,5.9,0.69,5.93,5.93,0.32,4.71,0.54,7.1,0.09,8.93,0.27,9.06,13.75,13.65,7.43,1212,true
2023-01,2023,01,202301,0.53,0.53,5.77,0.55,0.55,5.87,0.46,0.46,5.71,-0.19,-0.19,0.63,0.63,0.46,0.46,0.32,0.32,13.75,13.65,7.45,1302,false
2023-02,2023,02,202302,0.84,1.37,5.6,0.76,1.31,5.63,0.77,1.23,5.47,-0.04,-0.23,0.43,1.06,0.05,0.51,0.21,0.53,13.75,13.65,7.62,1302,false
2023-03,2023,03,202303,0.71,2.09,4.65,0.69,2.01,5.36,0.64,1.88,4.36,-0.71,-0.94,0.39,1.45,0.3,0.81,0.18,0.71,13.75,13.65,8.6,1302,false
2023-04,2023,04,202304,0.61,2.72,4.18,0.57,2.59,4.16,0.53,2.42,3.83,-1.56,-2.5,0.43,1.88,0.14,0.95,0.23,0.94,13.75,13.65,9.09,1302,false
2023-05,2023,05,202305,0.23,2.95,3.94,0.51,3.12,4.07,0.36,2.79,3.74,-3.37,-5.87,0.2,2.08,0.59,1.54,0.4,1.34,13.75,13.65,9.34,1320,false
